First Name,Last Name,Title,Company Name,Headline,What Happened,About Person,About Company
Leonard,Campbell,Director of Information Technology,Advanced Benefit Advisors,Leonard Campbell was Appointed as Director of Information Technology at Advanced Benefit Advisors,Cherry Hill; NJ-based Advanced Benefit Advisors appointed Leonard Campbell as Director of Information Technology.,Leonard Campbell was previously the IT manager for Penn Systems Group Inc.,Advanced Benefit Advisors (ABA) is a boutique employee benefits consulting firm dedicated to maximizing your benefits investment.
Leon,Rudakov,Chief Technology Officer,ARTVENTIVE MEDICAL GROUP,Leon Rudakov was Appointed as Chief Technology Officer at ARTVENTIVE MEDICAL GROUP,Mill Creek; WA-based ARTVENTIVE MEDICAL GROUP appointed Leon Rudakov as Chief Technology Officer.,Leon Rudakov was previously the Director of Engineering with the Silicon Valley corporation CardioVasc Inc.,ARTVENTIVE MEDICAL GROUP is a holding company trading in the OTC market
Leon,Kuperman,Chief Technology Officer,BIDZ,Leon Kuperman was Promoted to Chief Technology Officer at BIDZ,Culver City; CA-based BIDZ promoted Leon Kuperman to Chief Technology Officer.,Leon Kuperman was previously CTO at Truition.,Bidz.com brings together the fragmented supply and demand of excess jewelry products in a single online location.
Lee,Perla,Chief Information Officer,Avizent,Lee Perla was Appointed as Chief Information Officer at Avizent,Dublin; OH-based Avizent appointed Lee Perla as Chief Information Officer.,Lee Perla was previously the Head of Portfolio Management at Capital One.,National risk management providor of claims management; medical managed care; alternative risk options and RMIS technology.
Leann,Bohner,Senior information officer,AXA Equitable,Leann Bohner was Promoted to Senior information officer at AXA Equitable,New York; NY-based AXA Equitable promoted Leann Bohner to Senior information officer.,Leann Bohner previously led the Enterprise Annuity Systems department at AXA Equitable where she is responsible for managing all annuity systems and support.,AXA Financial is one of the premier U.S. organizations in financial protection and wealth management through its strong brands:AXA Equitable Life Insurance Company; AXA Advisors; LLC; AllianceBernstein; L.P.; Sanford C. Bernstein and; Co.; LLC; AXA Distributors; LLC; and the MONY family of companies
Lawrence,Whittle,Chief Technology Officer,M Factor,Lawrence Whittle was Appointed as Chief Technology Officer at M Factor,San Mateo; CA-based M Factor appointed Lawrence Whittle as Chief Technology Officer.,Lawrence Whittle was previously the Managing Director and VP International at NOMIS SOLUTIONS INC.,M-Factor provides predictive analytics software for marketing and trade investment management for leading consumer products companies.
Lawrence,Levine,Chief Information Officer,University of Colorado at Boulder,Lawrence Levine was Appointed as Chief Information Officer at University of Colorado at Boulder,Boulder; CO-based University of Colorado at Boulder appointed Lawrence Levine as Chief Information Officer.,Lawrence Levine was previously Associate Dean for IT and CIO - Faculty of Arts and Sciences at Harvard University.,The University of Colorado at Boulder is a Tier 1 research institution that received more than $280 million in sponsored research awards for the 2008 fiscal year; placing us 13th nationally and 6th among all public universities.
Lawrence,Knorr,director of information systems,Giant Food Stores,Lawrence Knorr was Appointed as director of information systems at Giant Food Stores,Carlisle; PA-based Giant Food Stores appointed Lawrence Knorr as director of information systems.,Lawrence Knorr was previously the chief information officer for the Pennsylvania Liquor Control Board.,The GIANT/MARTINS story begins when David Javitch opens a two-man butcher shop called the Carlisle Meat Market.
Lawrence,Kalinowski,Chief Technology Officer,WebLOQ,Lawrence Kalinowski was Appointed as Chief Technology Officer at WebLOQ,Monterey; CA-based WebLOQ appointed Lawrence Kalinowski as Chief Technology Officer.,Lawrence Kalinowskis experience in early stage leadership includes his tenure with the technology incubator WashingtonVC; LLC; as well as being a founding developer with early stage companies associated with Summit Partners and Highland Capital VC groups. ,WebLOQ enables secure; private and compliant electronic communications. Combining revolutionary technology with unrivaled ease-of-use; WebLOQ's suite of LOQMail solutions simply integrate directly into users- email to provide a trusted communications channel to ensure that sensitive email; documents and personal information are delivered and received only by the intended recipients. 
LaVerne,Council,Chief Information Officer,Johnson & Johnson,LaVerne Council was Appointed as Chief Information Officer at Johnson & Johnson,New Brunswick; NJ-based Johnson & Johnson appointed LaVerne Council as Chief Information Officer.,LaVerne Council was previously the Global Vice President for IT; Global Business Solutions and Development Services for Dell.,Jonhson & Johnson is a New Jersey-based multi-national manufacturers of pharmaceutical; diagnostic; therapeutic; surgical; and biotechnology products.
Laurie,Pyle,Chief Information Officer,Stewart Lender Services,Laurie Pyle was Promoted to Chief Information Officer at Stewart Lender Services,Houston; TX-based Stewart Lender Services promoted Laurie Pyle to Chief Information Officer.,Laurie Pyle was previously Vice President - Sales Support Services at PropertyInfo Corporation; a Stewart Company.,Stewart Title Company is a wholly owned subsidiary of Stewart Information Services Corp. (NYSE-STC); a customer-driven; technology-enabled; strategically competitive; real estate information; title insurance and transaction management company.
Laurence,OHagan,Chief Technology Officer,StreamServe,Laurence OHagan was Appointed as Chief Technology Officer at StreamServe,Burlington; MA-based StreamServe appointed Laurence OHagan as Chief Technology Officer.,Laurence O'Hagan was previously the Chief Technology Officer; CCM Division at Pitney Bowes Business Insight.,StreamServe is a global leader in dynamic document composition; management and delivery solutions for customer communications.
Laurence,O'Hagan,Chief Technology Officer,StreamServe,Laurence O'Hagan was Appointed as Chief Technology Officer at StreamServe,Burlington; MA-based StreamServe appointed Laurence O'Hagan as Chief Technology Officer.,Laurence O'Hagan was most recently Chief Technology Officer for the Customer Communications Management division of Pitney Bowes Business Insight (PBBI); a position he was appointed to in 2004; when Pitney Bowes acquired Group 1 Software.,StreamServe is a leading provider of enterprise business communication solutions. Simple to deploy and maintain; the company's dynamic composition; document process automation and enterprise output management solutions meet the demanding challenges of today's global businesses for producing and delivering highly customized documents in any format. 
Larry,Simkin,Director of Information Technology,LocatePLUS Holdings Corporation,Larry Simkin was Appointed as Director of Information Technology at LocatePLUS Holdings Corporation,Beverly; MA-based LocatePLUS Holdings Corporation appointed Larry Simkin as Director of Information Technology.,Larry Simkin was previously with Ernst & Young; Anderson Consulting; GE; and First Advantage has focused on business workflows; reengineering; and new vertical market design. ,LocatePLUS in Beverly; Massachusetts provides online information data solutions to law enforcement agencies; professional investigators and other credentialed business customers. 
Larry,Lewark,Chief Information Officer,Macy's,Larry Lewark was Appointed as Chief Information Officer at Macy's,Cincinnati; OH-based Macy's appointed Larry Lewark as Chief Information Officer.,Larry Lewark previously held various technology positions in the retail industry.,Macy's; the largest retail brand of Macy's; Inc.; delivers fashion and affordable luxury to customers at more than 800 locations in 45 states; the District of Columbia; Puerto Rico and Guam.
Larry,Hayes,Senior Vice President; Information Technology,National Bank,Larry Hayes was Promoted to Senior Vice President; Information Technology at National Bank,Blacksburg; VA-based National Bank promoted Larry Hayes to Senior Vice President; Information Technology.,Larry Hayes was previously the Senior Vice President  of Information Technology at National Bank.,Since 1891; National Bank has been a community bank; loaning deposits to help support the growth and development of the communities we serve.
Larry,Godec,Chief Information Officer,First American Financial,Larry Godec was Promoted to Chief Information Officer at First American Financial,Santa Ana; CA-based First American Financial promoted Larry Godec to Chief Information Officer.,Larry Godec was previously the Chief Information Officer for First American Tax Service Company located in Dallas.,  Headquartered in Santa Ana; California; United States; First American Corporation is also the largest provider of real estate information in the United States. 
Larry,Genovesi,Chief Technology Officer,Terascala,Larry Genovesi was Promoted to Chief Technology Officer at Terascala,Avon; MA-based Terascala promoted Larry Genovesi to Chief Technology Officer.,Larry Genovesi was previously the founder of Terascala,Terascala Inc. is an Avon company that provides storage for high-performance computing environments
Larry,Gale,Chief Information Officer,Perceptual Systems,Larry Gale was Appointed as Chief Information Officer at Perceptual Systems,Mt. Pleasant; SC-based Perceptual Systems appointed Larry Gale as Chief Information Officer.,Larry Gale was previously Biometrics Engineer & Software Developer at WareOnEarth Communications; Inc.,Perceptual Systems; LLC; was founded in 2009; and is a Woman Owned Small Business (WOSB). Our focus is on providing innovative; quality; cost-effective solutions to a wide range of Information Technology challenges in both Public and Private Sector organizations.
Larry,Frazier,Chief Information Officer,Kraton Polymers U.S. LLC,Larry Frazier was Appointed as Chief Information Officer at Kraton Polymers U.S. LLC,Houston; TX-based Kraton Polymers U.S. LLC appointed Larry Frazier as Chief Information Officer.,Larry Frazier was previously the Chief Information Officer for Chevron Phillips Chemical Company.,Kraton Polymers LLC; together with its subsidiaries; produces various styrenic block copolymers (SBC).
Larry,Dennison,Chief Technology Officer,Soapstone Networks,Larry Dennison Resigned as Chief Technology Officer at Soapstone Networks,Billerica; MA-based Soapstone Networks accepted resignation of Larry Dennison as Chief Technology Officer.,Larry Dennison co-founded Avici Systems in 1996 and played a central role in the architecture; design and development of the Avici routing platform; as well as his key role in Soapstone's R&D.,Soapstone Networks is at the forefront of the movement to Carrier Ethernet by developing resource and service control systems that realize NGN software-provisioned services in the new Carrier Ethernet transport network.
Madelyn,Lankton,Chief Information Officer,Travelers,Madelyn Lankton was Promoted to Chief Information Officer at Travelers,New York; NY-based Travelers promoted Madelyn Lankton to Chief Information Officer.,Lankton has been with Travelers since 1982; most recently as head of claim shared services and head of IT and operations for financial professional and international insurance.,The Travelers Companies; Inc. (NYSE: TRV) is a leading property casualty insurer selling primarily through independent agents and brokers.
Lance,Crawford,Chief Information Officer,Hawker Beechcraft,Lance Crawford was Appointed as Chief Information Officer at Hawker Beechcraft,Wichita; KS-based Hawker Beechcraft appointed Lance Crawford as Chief Information Officer.,Lance Crawford was previously the Director and Account Executive at Computer Sciences Corporation.,Hawker Beechcraft Corporation is a world-leading manufacturer of business; special-mission and trainer aircraft  designing; marketing and supporting aviation products and services for businesses; governments and individuals worldwide.
Dave,Lampert,Chief Information Officer,Georgetown University,Dave Lampert Resigned as Chief Information Officer at Georgetown University,Washington; DC-based Georgetown University accepted resignation of Dave Lampert as Chief Information Officer.,Lambert currently serves as the Vice President for Information Services and Chief Information Officer at Georgetown University where for the past twelve years he has successfully moved the university forward in the strategic application of information technology across a wide range of university programs and services. ,Founded in 1789; the same year the U.S. Constitution took effect; Georgetown University is the nation's oldest Catholic and Jesuit university. Today; Georgetown is a major international research university that embodies its founding principles in the diversity of our students; faculty; and staff; our commitment to justice and the common good; our intellectual openness; and our international character.
Kyle,Johnson,Associate Provost for Information and Learning Res,The State University of New York Institute of Technology,Kyle Johnson was Appointed as Associate Provost for Information and Learning Res at The State University of New York Institute of Technology,Utica; NY-based The State University of New York Institute of Technology appointed Kyle Johnson as Associate Provost for Information and Learning Res.,Kyle Johnson was previously the Chief Technology Officer at Guilford College in Greensboro; N.C.,At SUNYIT; the State University of New York Institute of Technology at Utica/Rome; an intellectually stimulating learning environment prepares students to fully engage in the challenges; complexities; and opportunities of living in a modern technological society.
Kurt,Zimmerman,Chief Technology Officer,Novariant,Kurt Zimmerman was Promoted to Chief Technology Officer at Novariant,Fremont; CA-based Novariant promoted Kurt Zimmerman to Chief Technology Officer.,Kurt Zimmerman was the founder of Novariant,Novariant; Inc. emerged from Stanford University GPS Laboratory in 1994 to pursue contract research and development for precision vehicle control systems. In the early 1990s; the Federal Aviation Administration (FAA) asked Stanford to investigate the feasibility of automatically landing airliners in low visibility conditions using precision GPS.
Alex,Kurganov ,Chief Technology Officer ,AdelaVoice Corporation ,Alex Kurganov  was Appointed as Chief Technology Officer  at AdelaVoice Corporation ,Boston ; MA-based AdelaVoice Corporation  appointed Alex Kurganov  as Chief Technology Officer .,Kurganov joins AdelaVoice having previously co-founded Webley Systems; a company that developed a speech-enabled unified communications platform. He has also held inventor; system architect; software executive and developer roles at Motorola Inc.; Eastman Kodak Co. and Ardis. ,Founded in 2010; Boston-based AdelaVoice is backed by Stage 1 Ventures. The company was named a Mass High Tech 
Kristi,Eller,Chief Information Officer,Yadkin Valley Bank and Trust Co.,Kristi Eller was Appointed as Chief Information Officer at Yadkin Valley Bank and Trust Co.,Elkin; NC-based Yadkin Valley Bank and Trust Co. appointed Kristi Eller as Chief Information Officer.,Kristi Eller was previously the Executive Vice President at Yadkin Valley Bank and Trust co.,Yadkin Valley Financial Corporation is the holding company for Yadkin Valley Bank and Trust Company; a full service community bank providing services in 29 branches throughout its four regions in North Carolina.
Krish,Kumar,Vice President of Information Technology,Thermo Fisher Scientific,Krish Kumar was Appointed as Vice President of Information Technology at Thermo Fisher Scientific,Waltham; MA-based Thermo Fisher Scientific appointed Krish Kumar as Vice President of Information Technology.,Krish Kumar was previously the Vice-President of Technology at Commercial Metals Company ,Thermo Fisher Scientific (NYSE:TMO) is the world leader in serving science; enabling our customers to make the world healthier; cleaner and safer. With annual sales of more than $9 billion; we employ 30;000 people and serve over 350;000 customers
Mike,Krieger,Chief Information Officer,Defense Information Systems Agency ,Mike Krieger was Appointed as Chief Information Officer at Defense Information Systems Agency ,Falls Church; VA-based Defense Information Systems Agency  appointed Mike Krieger as Chief Information Officer.,Krieger has been the deputy CIO since July 2008. ,DISA is a Combat Support Agency comprised of 16;000 people - military; federal civilian; and our contractor partners.  
Kobi,Ofir,Chief Technology Officer,WorldGaming.com Bolsters Management Team,Kobi Ofir was Appointed as Chief Technology Officer at WorldGaming.com Bolsters Management Team,Toronto; ON-based WorldGaming.com Bolsters Management Team appointed Kobi Ofir as Chief Technology Officer.,Kobi Ofir was previously the VP and CTO at First Data Corporation.,Founded in 2006; WorldGaming.com is the premier online destination for console gamers to network and challenge other players from around the world in tournaments for REAL money.
James,King,Chief Information Officer,PR Newswire,James King Resigned as Chief Information Officer at PR Newswire,New York; NY-based PR Newswire accepted resignation of James King as Chief Information Officer.,King has held CIO; CTO; and COO positions with leading global information services; media and publishing companies including McGraw Hill; Brightpoint; and Reed Elsvier PLC.,PR Newswire's news distribution; targeting; monitoring and marketing solutions help you connect and engage with target audiences across the globe.
Kim,Cooke,Chief Information Officer,Citizens South Bank,Kim Cooke was Appointed as Chief Information Officer at Citizens South Bank,Gastonia; NC-based Citizens South Bank appointed Kim Cooke as Chief Information Officer.,Kim Cooke previously served as Assistant Vice President of Bank Operations at Carolina Trust Bank; Lincolnton; North Carolina.,Citizens South Bank is the oldest continuously existing financial institution chartered in Gaston County. 
Kieran,Chung,Chief Technology Officer,eCommLink,Kieran Chung was Appointed as Chief Technology Officer at eCommLink,Las Vegas; NV-based eCommLink appointed Kieran Chung as Chief Technology Officer.,Kieran Chung was previously the Global Solutions Architect at Unisys Corporation.,eCommLink; Inc. (www.ecommlink.com) enables program managers and financial institutions to maximize revenue from their prepaid debit programs.
Kieran,Chung,Chief Technology Officer,Wolfe.com,Kieran Chung was Appointed as Chief Technology Officer at Wolfe.com,Pittsburgh; PA-based Wolfe.com appointed Kieran Chung as Chief Technology Officer.,Kieran Chung has over thirty years of technological leadership experience; including significant time in the financial sector at companies such as Bank of America; Vereins-Und WestBank AG; Amadeus North America and eCommLink; Inc. Prior to joining Wolfe; Chung was the CTO for eCommLink; Inc.; a leading value-added prepaid debit card processor.,Wolfe.com; LLC facilitates investment; management; and ownership involvement in entities which it is involved. Wolfe.com; LLC owns in whole or in part 8 entities: GiftCodes.com; Omni Prepaid; Swapagift.com; Sterling Investments; WRL; GiftCards.com; MyCoupons.com and Jambo Media.  http://www.wolfe.com
Gopal,Khanna,Chief Information Officer,State of Minnesota,Gopal Khanna Resigned as Chief Information Officer at State of Minnesota,Saint Paul; MN-based State of Minnesota accepted resignation of Gopal Khanna as Chief Information Officer.,Khanna is a former president of the National Association of State CIOs (2008 09) and he also served the Bush administration for three years in several senior policy positions including CFO of the Executive Office of the President.,Minnesota is a U.S. state located in the Midwestern United States. The twelfth largest state of the U.S.
Kevon,Ward,Director of Information Technology,High Sierra Sport Company,Kevon Ward was Appointed as Director of Information Technology at High Sierra Sport Company,Vernon Hills; IL-based High Sierra Sport Company appointed Kevon Ward as Director of Information Technology.,Kevon Ward Senior I.T. Support Specialist and Network Engineer at The Strive Group; in Chicago.,High Sierra Sport Company (HSSC); specializing in user-friendly adventure travel gear; offers  versatile lines tailored for outdoor enthusiasts; skiers and snowboarders; travelers; students and  professionals looking for the smart choice in durable and functional backpacks; duffels and  wheeled luggage.
Kevin,Summers,Chief Information Officer,Whirlpool Corporation,Kevin Summers was Appointed as Chief Information Officer at Whirlpool Corporation,Benton Harbor; MI-based Whirlpool Corporation appointed Kevin Summers as Chief Information Officer.,Kevin Summers was previously the T Regional Leader for Concentrate Product Supply Business and Executive Director; Global Supply Chain at the Coca-Cola Company,Whirlpool Corporation is the world's leading manufacturer and marketer of major home appliances. 
Kevin,Rutledge,Director of Information Technology,Butler; Snow; O'Mara; Stevens & Cannada,Kevin Rutledge was Appointed as Director of Information Technology at Butler; Snow; O'Mara; Stevens & Cannada,Jackson; MS-based Butler; Snow; O'Mara; Stevens & Cannada appointed Kevin Rutledge as Director of Information Technology.,Kevin Rutledge was previously the Manager; Network Services at  Blue Cross & Blue Shield of Mississippi  ,With more than 170 attorneys in offices in Jackson and Gulfport; Mississippi; Memphis; Tennessee; New Orleans; Louisiana and Greater Philadelphia; Pennsylvania; Butler Snow is a team of talented legal professionals who share a commitment to serve clients - from Fortune 1000 firms to emerging-technology start-ups.
Kevin,Roden,Chief Information Officer,American Tower Corporation,Kevin Roden was Appointed as Chief Information Officer at American Tower Corporation,Boston; MA-based American Tower Corporation appointed Kevin Roden as Chief Information Officer.,Kevin Roden was previously the Chief Technology Officer at Sanovi Technologies.,American Tower is An operator of multi-tenant communication towers for wireless and broadcast companies.
Kevin,Piltz,Chief Information Officer,MedQuist Inc.,Kevin Piltz was Appointed as Chief Information Officer at MedQuist Inc.,Mount Laurel; NJ-based MedQuist Inc. appointed Kevin Piltz as Chief Information Officer.,Kevin Piltz was previously the CIO for Geller and Company.,MedQuist Inc. is a leading provider of medical transcription software technology and services; enabling health systems; hospitals and group medical practices throughout the United States to efficiently manage clinical documentation workflow from voice capture through coding.
Kevin,Lynch,Chief Information Officer,Clarkson University,Kevin Lynch was Appointed as Chief Information Officer at Clarkson University,Potsdam; NY-based Clarkson University appointed Kevin Lynch as Chief Information Officer.,Kevin Lynch was previously the director of telecommunications/networking at Clarkson University.,Clarkson University is a private university located in rural Potsdam; New York. It was founded in 1896 and has an enrollment of about 3;000 students studying towards bachelor's; master's; and doctoral degrees in each of its three schools: the School of Business; School of Arts & Sciences; and the Wallace H. Coulter School of Engineering.
Kevin,Kettler,Chief Technology Officer,Dell; Inc.,Kevin Kettler Resigned as Chief Technology Officer at Dell; Inc.,Round Rock; TX-based Dell; Inc. accepted resignation of Kevin Kettler as Chief Technology Officer.,Kevin Kettler was previously the Engineer at IBM.,For more than 26 years; Dell has empowered countries; communities; customers and people everywhere to use technology to realize their dreams.
Kevin,Kettler,Chief Executive Officer,ME Television,Kevin Kettler was Appointed as Chief Executive Officer at ME Television,Austin; TX-based ME Television appointed Kevin Kettler as Chief Executive Officer.,Kevin Kettler was previously the Chief Technology Officer at Dell Inc.,The ME TELEVISION network launched October 1; 2005 and offers audiences the same immediate access to the regional music scene and entertainment information that they currently enjoy for news and weather.
Kevin,Kern,Chief Technology Officer,First Data Corporation,Kevin Kern was Promoted to Chief Technology Officer at First Data Corporation,Atlanta; GA-based First Data Corporation promoted Kevin Kern to Chief Technology Officer.,Kevin Kern was previously the CIO at CA ,First Data Corporation is a provider of electronic commerce and payment solutions for merchants; financial institutions and card issuers globally and has operations in 36 countries; serving over 5.3 million merchant locations and over 2;000 card issuers and their customers.
Kevin,Keener,Chief Information Officer,Credit Union On Line,Kevin Keener was Appointed as Chief Information Officer at Credit Union On Line,New York; NY-based Credit Union On Line appointed Kevin Keener as Chief Information Officer.,Kevin Keener was previously with the First Marblehead Corp. and was responsible for the identification; planning; execution and resolution of audit and risk issues.,CUOL (Credit Union On-Line) is a Waltham-based data processing technology provider.
Kevin,Hart,Chief Information Officer,Clearwire,Kevin Hart was Appointed as Chief Information Officer at Clearwire,Las Vegas; NV-based Clearwire appointed Kevin Hart as Chief Information Officer.,Kevin Hart was previously the Chief Information Officer at Level 3 Communications.,Clearwire Communications; LLC; an operating subsidiary of Clearwire Corporation (NASDAQ:CLWR); offers a robust suite of advanced high-speed Internet services to consumers and businesses.
Kevin,Goldstein,Chief Technology Officer,Trycera Financial; Inc.,Kevin Goldstein was Appointed as Chief Technology Officer at Trycera Financial; Inc.,South Jordan; UT-based Trycera Financial; Inc. appointed Kevin Goldstein as Chief Technology Officer.,Kevin Goldstein was previously the Chief Technology Officer of an FCRA compliant credit bureau; overseeing the ongoing development of the company's systems architecture in order to assure fair and accurate data collection and adaptability to consumer and lender needs; while minimizing transaction costs and maximizing data security.,Trycera Financial; Inc. is a financial services company specializing in the delivery of prepaid card programs; prepaid card program management; alternative credit products and bill payment reporting. The Company also markets a diverse suite of personal financial management solutions and pay as you go services that allow consumers the ability to have recurring and non traditional payment information such as rent; utilities; insurance and wireless phone service payments reported to national credit reporting agencies.
Kevin,Fallon,Vice President of Technology,Badger Licensing,Kevin Fallon was Promoted to Vice President of Technology at Badger Licensing,Cambridge; MA-based Badger Licensing promoted Kevin Fallon to Vice President of Technology.,Kevin Fallon was previously GLobal Licensing Manager at Badger Technology,Badger Licensing; headquartered in Cambridge; Mass.; is a joint venture of affiliates of The Shaw Group and ExxonMobil Chemical Company. Badger Licensing is principally engaged in marketing; licensing; and developing technologies for ethylbenzene; styrene monomer; cumene; and bisphenol A. 
Kevin,Bott,Chief Information Officer,Ryder System,Kevin Bott Retired as Chief Information Officer at Ryder System,Miami; FL-based Ryder System announced retirement of Kevin Bott as Chief Information Officer.,Kevin Bott; prior to his position of a CIO; as the VP; Product and Technology Management at Ryder Integrated Logistics  ,Ryder System; Inc. is a FORTUNE 500 commercial transportation; logistics and supply chain management solutions company.
Mark,Kerzner,Chief Technology Officer,Exobox,Mark Kerzner was Appointed as Chief Technology Officer at Exobox,Houston; TX-based Exobox appointed Mark Kerzner as Chief Technology Officer.,Kerzner previously worked at Exobox as a senior software developer; and also acted as a consultant to the company. He has more than 20 years of experience in software development and has held posts at Merrill Lynch; Shell; Halliburton and Dresser Industries.,Exobox Technologies Corp. develops information risk management and security solutions that help organizations protect and recover their most valuable information assets. 
Kenneth,Pierce,Chief Information Officer,The University of Texas at San Antonio,Kenneth Pierce was Appointed as Chief Information Officer at The University of Texas at San Antonio,San Antonio; TX-based The University of Texas at San Antonio appointed Kenneth Pierce as Chief Information Officer.,Kenneth Pierce was previously at University of Texas at El Paso where; as chief information officer; he directed a staff of more than 90 full-time employees and 25 student employees. ,UTSA A comprehensive; four-year public university serving the San Antonio metropolitan area; South Texas and the Rio Grande Valley.
Kenneth,McCollum,Chief Information Officer,St. Joseph's College,Kenneth McCollum was Appointed as Chief Information Officer at St. Joseph's College,Brooklyn; NY-based St. Joseph's College appointed Kenneth McCollum as Chief Information Officer.,Kenneth McCollum was previously associate vice chancellor for information technology and chief technology officer at the University of North Carolina at Greensboro.,Since 1916; St. Joseph's College has provided an affordable liberal arts education to a diverse group of students.
Kenneth,Gall,Chief Technology Officer,Still River Systems; Inc.,Kenneth Gall was Appointed as Chief Technology Officer at Still River Systems; Inc.,Littleton; MA-based Still River Systems; Inc. appointed Kenneth Gall as Chief Technology Officer.,Kenneth Gall was previously Director of Radiation Therapy Physics at UT Southwestern Medical Center.,Still River Systems is dedicated to providing physicians and their patients access to high quality; cost-effective proton therapy solutions; and to helping establish this superior treatment modality as a standard of care for patients worldwide.
Ken,Stafford,Chief Information Officer,K State,Ken Stafford was Appointed as Chief Information Officer at K State,Manhattan; KS-based K State appointed Ken Stafford as Chief Information Officer.,Ken Stafford was previously vice president for administration and finance at the Maryland Institute for Agriculture and Natural Resources.,Kansas State University ranks as one of the nation’s “cutting-edge schools;” according to a guidebook that pinpoints today’s hottest majors and the innovative colleges that offer them.
Ken,Ruby,Chief Technology Officer,MCA,Ken Ruby became Chief Technology Officer at MCA,Houston; TX-based MCA appointed Ken Ruby as Chief Technology Officer.,Ken Ruby was previously the CFO at MCA.,Located in Houston and founded in 1995; MCA puts the power of healthcare finance smarts and IT to work for providers as they navigate complex payor and reimbursement relationships; and recover reimbursement owed.
Ken,Reiter,Chief Technology Officer,Supply Vision,Ken Reiter was Appointed as Chief Technology Officer at Supply Vision,Arlington Heights; IL-based Supply Vision appointed Ken Reiter as Chief Technology Officer.,Ken Reiter was previously the founder and president of Web Freight Pro.,Supply Vision Inc. is a technology company providing Software as a Service (SaaS) solutions to the supply chain industry
Ken,Piddington,Chief Information Officer,Global Partners,Ken Piddington was Promoted to Chief Information Officer at Global Partners,Waltham; MA-based Global Partners promoted Ken Piddington to Chief Information Officer.,Ken Piddington was previously Director Applications and Software Development at Global Partners LP,Global Partners LP is a leader in the storage; distribution and marketing of gasoline; distillates and residual oil to wholesalers; retailers and commercial customers throughout the Northeast.
Ken,Kerrick,Vice President of Information Technology,Nolte Associates Inc.,Ken Kerrick was Appointed as Vice President of Information Technology at Nolte Associates Inc.,Sacramento; CA-based Nolte Associates Inc. appointed Ken Kerrick as Vice President of Information Technology.,Ken Kerrick was previously the Vice President; Information Technology at Delta Health Systems.,Nolte is a full service engineering firm with capabilities and expertise to successfully complete your infrastructure project.
Ken,Harvey,Chief Technology and Services Officer,HSBC Bank USA,Ken Harvey was Promoted to Chief Technology and Services Officer at HSBC Bank USA,New York; NY-based HSBC Bank USA promoted Ken Harvey to Chief Technology and Services Officer.,Ken Harvey was previously the Group CIO at HSBC Bank USA.,HSBC's Principles and Values   Through loyal and committed employees who make lasting customer relationships and international teamwork easier to achieve.
Ken,Hanson,Director of Computer & Information Systems,SSOE Group,Ken Hanson Retired as Director of Computer & Information Systems at SSOE Group,Toledo; OH-based SSOE Group announced retirement of Ken Hanson as Director of Computer & Information Systems.,Ken Hanson is currently a Management Consulting Professional,SSOE Group is an international EPCM firm ranked eleventh among the largest engineering and architecture firms (Building Design + Construction; 2009). 
Kenneth,Day,Chief Technology Officer,Dot Hill Systems Corp.,Kenneth Day was Appointed as Chief Technology Officer at Dot Hill Systems Corp.,Longmont; CO-based Dot Hill Systems Corp. appointed Kenneth Day as Chief Technology Officer.,Ken Day has more than 30 years as a respected industry visionary in the architecture; design; and execution of information technology solutions. ,Dot Hill Systems Corp. is a recognized leader in software and hardware solutions for storing; sharing; protecting and managing data.
Kenneth,Cluff,Chief Technology Officer,MyNewPlace,Kenneth Cluff was Promoted to Chief Technology Officer at MyNewPlace,San Francisco; CA-based MyNewPlace promoted Kenneth Cluff to Chief Technology Officer.,Ken Cluff was previously Software Development Consultant at homestore.,MyNewPlace is one of the largest apartment and rental homes Web sites in the United States - with over six million available rental units.
Ken,Citron,Chief Information Officer,Rodale; Inc.,Ken Citron was Promoted to Chief Information Officer at Rodale; Inc.,Emmaus; PA-based Rodale; Inc. promoted Ken Citron to Chief Information Officer.,Ken Citron was previously the SVP Information Systems at Sony Music Inc.,Rodale is the authoritative source for trusted content in health; fitness; and wellness around the world.
Ken,Chatfield,Chief Information Officer,Health Management Associates,Ken Chatfield was Appointed as Chief Information Officer at Health Management Associates,Naples; FL-based Health Management Associates appointed Ken Chatfield as Chief Information Officer.,Ken Chatfield was previously enior technology executive over the past 22 years and has been with several top firms; most recently with Versata Software; Inc. based in Austin; Texas. ,Health Management enables America's best local health care by providing the people; processes; capital and expertise necessary for its hospital and physician partners to fulfill their local missions of delivering superior health care services. 
Ken,Chaisson,Vice President of Information Technology,Dunkin Donuts,Ken Chaisson was Appointed as Vice President of Information Technology at Dunkin Donuts,Canton; MA-based Dunkin Donuts appointed Ken Chaisson as Vice President of Information Technology.,Ken Chaisson most recently was the vice president of information technology for Legal Sea Foods.,With more than 13;000 franchises in 50 countries worldwide; Dunkin' Brands; Inc. is renowned for its leadership in the quick quality restaurant category.
Ken,Braud,Chief Information Officer,Halliburton,Ken Braud was Appointed as Chief Information Officer at Halliburton,Houston; TX-based Halliburton appointed Ken Braud as Chief Information Officer.,Ken Braud previously held various technology positions at Halliburton.,Formed in 1919 Halliburton is a global company that specializes in oil well site services; engineering; construction; technology and various other fields. 
Kelly,Schmitz,Vice President of Information Technology,ARIAD Pharmaceuticals; Inc.,Kelly Schmitz was Appointed as Vice President of Information Technology at ARIAD Pharmaceuticals; Inc.,Cambridge; MA-based ARIAD Pharmaceuticals; Inc. appointed Kelly Schmitz as Vice President of Information Technology.,Kelly Schmitz was previously the Vice President; Solutions Practice at Maxiom Consulting Group.,ARIAD is a pharmaceutical company whose vision is to transform the lives of cancer patients with breakthrough medicines.
Kelly,Moyer,Director of Information Technology,Seminole Casino Coconut Creek,Kelly Moyer was Appointed as Director of Information Technology at Seminole Casino Coconut Creek,Coconut Creek; FL-based Seminole Casino Coconut Creek appointed Kelly Moyer as Director of Information Technology.,Kelly Moyer was previously the Vice President; Information Technology at Sunrise Sports & Entertainment/Florida Panthers Hockey Club.,Visit the Seminole Player's Club at any of our casinos to sign up today.
Keith,Tuskey,Chief Technology Officer,Advertising Specialty Institute,Keith Tuskey was Promoted to Chief Technology Officer at Advertising Specialty Institute,Trevose; PA-based Advertising Specialty Institute promoted Keith Tuskey to Chief Technology Officer.,Keith Tuskey was previously the Director of product development.,The Advertising Specialty Institute; or ASI; has been providing award-winning products and services to the advertising specialty and promotional products industry for over 50 years.
Keith,Thibodeaux,Chief Information Officer,St. Mary Parish School Board,Keith Thibodeaux Resigned as Chief Information Officer at St. Mary Parish School Board,Centerville; LA-based St. Mary Parish School Board accepted resignation of Keith Thibodeaux as Chief Information Officer.,Keith Thibodeaux previously held various technology positions at the St. Mary Parish school.,The St. Mary Parish school district represents a highly progressive; dynamic; educational organization focused on the academic achievement of all students.
Keith,Radousky,Chief Technology Officer,Quintel Technology Limited,Keith Radousky was Appointed as Chief Technology Officer at Quintel Technology Limited,Menlo Park; CA-based Quintel Technology Limited appointed Keith Radousky as Chief Technology Officer.,Keith Radousky was previously the president of Wireless Industry Systems Expertise and before that was a VP with NextG Networks. ,Quintel is a leading innovator in the design; development; and delivery of network-efficient antenna solutions for wireless operators worldwide. The company's products enable global wireless operators to independently deploy and optimize multiple air interfaces or services on a single standard antenna platform.
Keith,Nelson,Chief Information Officer,The State University of New York's Hudson Valley Community College,Keith Nelson was Appointed as Chief Information Officer at The State University of New York's Hudson Valley Community College,Troy; NY-based The State University of New York's Hudson Valley Community College appointed Keith Nelson as Chief Information Officer.,Keith Nelson was previously the Director of Telecommunications and Networking at The University of Texas at Austin.,Hudson Valley Community College serves more than 14;000 students each semester; and employs more than 630 full- and part-time faculty members.
Keith,Neal,Chief Technology Officer,Meez,Keith Neal was Promoted to Chief Technology Officer at Meez,San Francisco; CA-based Meez promoted Keith Neal to Chief Technology Officer.,Keith Neal was previously Senior Software Engineer at Pulse.,Meez is a leading social entertainment community with over eight million users. It allows users to create 3D avatars; play casual games; share media; and connect with friends in a compelling virtual world.
Keith,Hicks,Chief Information Officer,Wencor Group,Keith Hicks was Appointed as Chief Information Officer at Wencor Group,Springville; UT-based Wencor Group appointed Keith Hicks as Chief Information Officer.,Keith Hicks was previously the Owner/Consultant at IT Consulting Services,Wencor is a worldwide industry leader in the manufacture and delivery of commercial aircraft parts.
Keith,Durbin,Director of Information Technology,Metropolitan Government of Nashville,Keith Durbin was Appointed as Director of Information Technology at Metropolitan Government of Nashville,Nashville; TN-based Metropolitan Government of Nashville appointed Keith Durbin as Director of Information Technology.,Keith Durbin was previously the Councilperson; District 18 at Metro Nashville Davidson County.,The Metropolitan Council is the legislative body of Nashville and Davidson County.
Keith,Barraclough,Chief Technology Officer,Next Issue Media,Keith Barraclough was Appointed as Chief Technology Officer at Next Issue Media,New York; NY-based Next Issue Media appointed Keith Barraclough as Chief Technology Officer.,Keith Barraclough was previously the general manager of Nokia's Ovi.com services portal; heading up development of that company's email; IM and social application and service offerings.,Next Issue Media is a revolutionary end-to-end publishing platform founded by five leading global publishers and designed to develop; market and deliver interactive magazine and newspaper content to consumers via the digital device of their choice.
Kazuhiro,Gomi,Chief Technology Officer,NTT America,Kazuhiro Gomi was Promoted to Chief Technology Officer at NTT America,New York; NY-based NTT America promoted Kazuhiro Gomi to Chief Technology Officer.,Kazuhiro Gomi was previously the Chief Operating Officer at NTT America.,Headquartered in New York with branch offices spread across the United States; NTT America is leading the North American sales and marketing effort of NTT Communications Group.
Kayne,Grau,Vice President of Technology,Cars.com,Kayne Grau was Promoted to Vice President of Technology at Cars.com,Chicago; IL-based Cars.com promoted Kayne Grau to Vice President of Technology.,Kayne Grau joined Cars.com in 2008 as the director of development; in 2009; he added technical operations and quality assurance to his responsibilities.,Cars.com is the leading destination for online car shoppers; offering credible; easy to understand information from consumers and experts to help buyers formulate opinions on what to buy; where to buy and how much to pay for a car.
Kay,Long,Chief Information Officer,Broken Arrow Public Schools,Kay Long was Promoted to Chief Information Officer at Broken Arrow Public Schools,Broken Arrow; OK-based Broken Arrow Public Schools promoted Kay Long to Chief Information Officer.,Kay Long previously held various technology positions at the Broken Arrow Public School district.,Broken Arrow Public Schools is the public school district of Broken Arrow; Oklahoma. The district has an enrollment of 16193 as of October 2008
Katrina,Lane,Vice President; Operations,Harrah's Entertainment,Katrina Lane was Promoted to Vice President; Operations at Harrah's Entertainment,Las Vegas; NV-based Harrah's Entertainment promoted Katrina Lane to Vice President; Operations.,Katrina Lane was previously the VP of channel marketing at Harrah's.,Founded in 1937; Harrahs is the worlds largest casino entertainment provider in the world. It operates in many countries but it has the majority of its establishments built in the United States of America and the United Kingdom. 
Kathy,Owen,Chief Information Officer,Unum,Kathy Owen was Promoted to Chief Information Officer at Unum,Chattanooga; TN-based Unum promoted Kathy Owen to Chief Information Officer.,Kathy Owen was previously the senior vice president of Information Technology Business Applications.,Unum (www.unum.com); formerly UnumProvident; is one of the leading providers of employee benefits products and services in the United States and the United Kingdom. 
Kathy,Claypatch,Senior Vice President; Information Technology,Apriva,Kathy Claypatch was Appointed as Senior Vice President; Information Technology at Apriva,Scottsdale; AZ-based Apriva appointed Kathy Claypatch as Senior Vice President; Information Technology.,Kathy Claypatch was previously the VP; Technology Services at  TSYS.,Founded in 1999; Apriva is the leading wireless solutions provider integrating the hardware; software and network infrastructure required to develop and deploy high-performance high-reliability solutions in the Point of Sale (POS) and Secure Mobile Messaging markets.
Kathryn,Cioffi,Director of Technology,Sacred Heart Academy,Kathryn Cioffi was Appointed as Director of Technology at Sacred Heart Academy,Hamden; CT-based Sacred Heart Academy appointed Kathryn Cioffi as Director of Technology.,Kathryn Cioffi has a bachelor's degree from Georgetown University and a master's degree from Fairfield University. She worked for the Diocese of Bridgeport Cathedral cluster schools; and most recently was with the Weston school system.,Sacred Heart Academy; founded by the Apostles of the Sacred Heart of Jesus in the Roman Catholic Tradition and committed to the expression of strong Christian values and intellectual growth; provides a challenging college preparatory education for young women.
Kathleen,McLean,Chief Information Officer,FairPoint Communications,Kathleen McLean was Appointed as Chief Information Officer at FairPoint Communications,Charlotte; NC-based FairPoint Communications appointed Kathleen McLean as Chief Information Officer.,Kathleen McLean was previously a senior vice president of Customer Service in Verizon Partner Solutions.,FairPoint Communications delivers modern communications technology with respect; commitment; and a can-do spirit.
Kathi,Mehall,Vice President of Technology,Urban Science,Kathi Mehall was Appointed as Vice President of Technology at Urban Science,Detroit; MI-based Urban Science appointed Kathi Mehall as Vice President of Technology.,Kathi Mehall was previously VP & CIO Corporate Services at GMAC.,Urban Science is a software leveraging consulting firm with primary (although not exclusive) applications in the automotive and financial services areas.
Kate,Taylor,Vice president; strategic planning - technology,The New York Times Company,Kate Taylor was Appointed as Vice president; strategic planning - technology at The New York Times Company,New York; NY-based The New York Times Company appointed Kate Taylor as Vice president; strategic planning - technology.,Kate Taylor was previously a consultant for companies such as Time Warner; Viacom; News Corporation and Sony. From 2005 to 2008; Ms. Taylor was a director in the strategy practice for Archstone Consulting; a strategy and operations firm based in Stamford; Conn. ,The New York Times Company; a leading media company with 2008 revenues of $2.9 billion; includes The New York Times; the International Herald Tribune; The Boston Globe; 15 other daily newspapers; WQXR-FM and more than 50 Web sites; including NYTimes.com; Boston.com and About.com. 
Kate,Jackson,Chief Technology Officer,Westinghouse Electric Corp,Kate Jackson was Appointed as Chief Technology Officer at Westinghouse Electric Corp,Monroeville; PA-based Westinghouse Electric Corp appointed Kate Jackson as Chief Technology Officer.,Kate Jackson was previously the vice president; strategy for Research & Technology; following 17 years at the Tennessee Valley Authority (TVA); where she held a number of executive roles involving leadership of key technology; research and environmental initiatives. ,Provides fuel; services; technology; plant design and equipment to utility customers and others in the worldwide commercial nuclear electric power industry.
Karen,Salem,Chief Information Officer,Ingram Micro Inc.,Karen Salem Resigned as Chief Information Officer at Ingram Micro Inc.,Santa Ana; CA-based Ingram Micro Inc. accepted resignation of Karen Salem as Chief Information Officer.,Karen Salem was previously the Senior vice president and chief information officer.,Ingram Micro Inc. is the worlds largest technology distributor and a leading technology sales; marketing and logistics company.
Karen,Robinson,Interim Chief Technology Officer,State of Texas,Karen Robinson was Appointed as Interim Chief Technology Officer at State of Texas,Austin; TX-based State of Texas appointed Karen Robinson as Interim Chief Technology Officer.,Karen Robinson was previously the director of administration and technology for Texas Gov. Rick Perry,Texas is the second-largest U.S. state by both area and population; and the largest state in the contiguous United States.
Karen,Robinson,Chief Information Officer,Department of Information Resources,Karen Robinson was Appointed as Chief Information Officer at Department of Information Resources,Austin; TX-based Department of Information Resources appointed Karen Robinson as Chief Information Officer.,Karen Robinson was previously serving as Gov. Rick Perry's technology adviser.,Department of Information Resources oversees and assists in managing the information resources assets of Texas State Government.
Karen,Renner,Chief Information Officer,Novelis,Karen Renner was Appointed as Chief Information Officer at Novelis,Atlanta; GA-based Novelis appointed Karen Renner as Chief Information Officer.,Karen Renner was previously with eneral Electric Company where she spent the last 18 years in progressively senior IT leadership roles including CIO of GE Energy Shared Services and CIO; GE Security. Most recently; Ms. Renner served as CIO; GE Digital Energy.,Novelis Inc. is the global leader in aluminum rolled products and aluminum can recycling. The Company operates in 11 countries; has approximately 11;600 employees and reported revenue of $8.7 billion in fiscal year 2010.
Karen,Kemerling,Vice President of Information Technology,Association of Operative Registered Nurses,Karen Kemerling was Appointed as Vice President of Information Technology at Association of Operative Registered Nurses,Denver; CO-based Association of Operative Registered Nurses appointed Karen Kemerling as Vice President of Information Technology.,Karen Kemerling was previously the VP- Information Technology at AAI Acquisition; Inc.,The Association of periOperative Registered Nurses (AORN) is the national association committed to improving patient safety in the surgical setting.
Karen,Chamberlain,Chief Information Officer,The Hartford Financial Services Group,Karen Chamberlain was Appointed as Chief Information Officer at The Hartford Financial Services Group,Hartford; CT-based The Hartford Financial Services Group appointed Karen Chamberlain as Chief Information Officer.,Karen Chamberlain was previously the SVP/CTO Chase Insurance at JP Morgan Chase.,  The Hartford is a leading provider of life insurance; group and employee benefits; automobile and homeowners insurance and business insurance - as well as investment products; annuities; mutual funds; and college savings plans. 
Karen,Alber,Chief Information Officer,The H.J. Heinz Company,Karen Alber was Promoted to Chief Information Officer at The H.J. Heinz Company,Pittsburgh; PA-based The H.J. Heinz Company promoted Karen Alber to Chief Information Officer.,Karen Alber was previously Vice President Enterprise Systems Change Management at  PepsiCo  ,Heinz is a $10 billion global company; whose products enjoy #1 or #2 market share in more than 50 countries; sells 650 million bottles of its iconic Ketchup every year; with top 15 power brands account for more than two-thirds of its annual sales. Heinz employs approximately 32;500 people around the globe
Kadeer,Beg,Chief Technology Officer,Prolifics,Kadeer Beg was Promoted to Chief Technology Officer at Prolifics,New York; NY-based Prolifics promoted Kadeer Beg to Chief Technology Officer.,Kadeer Beg was previously SOA Specialist at Aetna.,One of the keys to our longevity is the solid relationships we have built with our partners and customers.
Juzer,Jangbarwala,Chief Technology Officer,R.G. Global Lifestyles; Inc.,Juzer Jangbarwala Resigned as Chief Technology Officer at R.G. Global Lifestyles; Inc.,Anaheim; CA-based R.G. Global Lifestyles; Inc. accepted resignation of Juzer Jangbarwala as Chief Technology Officer.,Juzer Jangbarwala was previously the Chairman of the Board of R.G. Global Lifestyles; Inc.,RG Global Lifestyles; Inc. develops and markets innovative technologies for water purification and wastewater treatment.
Junzo,Kawakami,Chief Technology Officer,Hitachi,Junzo Kawakami was Promoted to Chief Technology Officer at Hitachi,Brisbane; CA-based Hitachi promoted Junzo Kawakami to Chief Technology Officer.,Junzo Kawakami was previously the Executive Officer of Quality Assurance & Production Technology at Hitachi Ltd.,Hitachi; Ltd.; (NYSE: HIT / TSE: 6501) headquartered in Tokyo; Japan; is a leading global electronics company with approximately 390;000 employees worldwide.
Xiao,Jun,Chief Technology Officer,Northport Network Systems,Xiao Jun Resigned as Chief Technology Officer at Northport Network Systems,Seattle; WA-based Northport Network Systems accepted resignation of Xiao Jun as Chief Technology Officer.,Jun Xiao has been an employee of Northport Beigang since April 2004. He obtained a Masters degree in Multimedia and Virtual Reality in 2002 from Leuven Engineering College in Belgium and also holds a 1992 degree in Computer Science and Engineering from Huazhong University of Science and Technology. From 1996 to 1998 he was Vice Chief Engineer of the spaceflight group at Guangyu Group in Shenzhen; China. From 1998 until 2000 he was Vice General Manager of Beijing Yuanchao Information Technology Ltd. where he assisted in the development of China's first business image processing software. ,Northport Network Systems Inc. is a China based technology company which operates a series of highly diverse and opportunistic business divisions in Asia.
Julie,Olson,Chief Technology Officer,Mersana Therapeutics,Julie Olson became Chief Technology Officer at Mersana Therapeutics,Cambridge; MA-based Mersana Therapeutics appointed Julie Olson as Chief Technology Officer.,Julie Olson was previously the CEO of Mersana.,Mersana Therapeutics; Inc.; a cancer therapeutics company; develops oncology agents. Its product includes XMT-1001; a linkage to improve efficacy and safety relative to other products. 
