company_id,company_name
462248,Itau Asset Management
469519,Trinity-St. Lukes Lutheran School
476753,Saint Mark's School
477420,Gran Melia Puerto Rico Golf Resort
477437,Museo Arte Contemporaneo De P. R.
501244,ViA a de Lestonnac Retreat Center
504951,"Pierre Rondeau MBA, Courtier Immobilier Agree Commercial"
504954,Pro-Metal Plus
504955,Equipements Survie maritime (ESM)
504968,Tournage de Bois Dynastie Ltee
504982,Municipalite de Maria
504985,Instinct multimedia
505011,MicroBranche.com
505014,Ebenisterie Lavoie
505019,Equipement Laplante
505024,Scierie Lapointe & Roy Ltee
505029,Aventure Chasse & Peche
505077,Centre specialise de technologie physique du Quebec
505078,Sculptures Tremblay Ltee
505082,Groupe CFR (CFR Dorchester CFR Contr_le CFR Assain
505083,Ebenisterie Reflet
505094,Le Naturaliste Education
505097,ENERGIE PGE
505099,Promo Plastik Cooperative de travailleurs
505107,Benoit Jalbert
505166,Eco Entreprises Quebec
505195,Portes et Fenetres J.M. Ferron Enr
505201,Julien Beaudoin Ltee
505204,IL Quebec inc
505299,Expo Cite
505313,Presence Informatique inc
505316,Distribution Cafe Express
505321,EcoRessources Consultants
505325,Decor & Cie / Jacques Demers Designer
505326,GSV Electronique
505331,Transport Bernieres
505379,Capilex Charel Ltee
505401,Iago - Strategies d'influence
505465,"Belanger, Beauchemin, Morency"
