company_id,company_name
298123,Tele Guia De Chicago
511879,Club de Golf Belle Vue
30203,Jones Town & Country Realty Services
30050,Municipio de Bayamon
225390,I-ROCK Industries
504952,Cuivres d'art Albert Gilles
538046,Hamburg
11780,Oce North America
505882,Solutions Plubliciti
512221,Systemes De Drainage Modernes
512069,Equipement Boisbriand
257163,Winternet
512053,Dessins de Structures d Acier
196146,NATIONAL PAYMENT SYSTEMS
90635,Bruel & Kjaer Vibro
352211,The Duffeyroll CafÈ
510834,Hotel Le President
506061,Ebenisterie BMD 
505891,Les equipements Yvan Lemay inc.
505897,Service de Secretariat de Chicoutimi
505909,Demenagement Avantage Blackburn Inc
505933,Demenagement Chicoutimi
505937,Leo Automobile Ltee
505949,IOS Services Geoscientifiques Inc.
510335,Taiga Communications
77813,Kraft Kennedy & Lesser
298088,Tele Guia De Chicago
507132,Monas & Cie
510442,ANQ - Le Centre de Montr
133428,Global Web Solutions
541309,Le Courrier de la Nouvelle
512321,Beau-Lieu Instantan
511583,Prudent  Internationale
508426,DESTL
508754,Thermocouples - Control & Regulations
512311,Media DVD
510322,Equipement Agricole
225330,I-ROCK Industries
97066,Capital Region BOCES
59357,PIERRE FABRE DERMO-COSMÃ„TIQUE USAKLORANE
506417,Montreal Transit Corporation
506804,Rouyn-Noranda (CIVA-TV)
508257,Saint Justing
505446,Systemes De Contrle Actif
505465,Group EA
505143,Bleuetiere Saguenay Enr.
509183,La Personnelle
505037,Clermond Hamel Ltee
505187,International Replenishement
510626,Camion Freightliner Mont-Laurier inc
505874,Assurances Gravel
528732,Mervin Holmes Sales Ltd
511431,Photographe Professionnel Yvan Dube
506586,Keroul
505316,Distribution Caffe Express
507410,Marchand de Feuilles
507788,Montreal Campus
508028,Momentum Design & Development
508470,Montreal Design
510516,L'Ecole de voile Gilles Tetreault 
1066,Buffalo Bills
505678,OCEANIDE Inc.
505685,Cegep de Riviere-du-Loup
512007,Structure Noah
506056,JAMEC FABRICANT DE PRODUCTIVITE
504985,Instinct multimedia
505629,Specialite Hydraulique
510691,Marketing et technologie
505106,Bureau d'Enquetes Provincial
510446,Lac-a-l'Eau-Claire
510410,Industrie Aulari
510369,Bois Laurentide
505027,Equipement Doyon
511010,PF Expert
510523,Services Tele-Bureau
508852,P. Leclerc Construction Ltee
505742,Offset Beauce Ltee
510405,L'Ourson Dore
505638,Gaetan Henley Graphiste-Lettreur
510679,Altus Group Limited
510682,Protegez-Vous
515939,Grassroots The Inspection Specialists
506074,Mediazapp
511971,Theoreme Innovation
505692,SADC de la MRC
506527,Systemes de gestion
510502,AccessAir
510504,Beton Lecuyer
512325,Logiciel Alyson Inc
506506,Ducharme International
510378,La d'Abbotsford Sugarbush
505730,Stephane Fortin-Artisan Ebeniste
505094,SCINATECH
510970,Publi-Cite Lettrapid Inc.
510971,Trophees St-Hyacinthe
510354,PAUL VALLEE
505014,Groupe Lavoie
505102,Entreprise G.A.Turgeon et Fils
510815,Patio Drummond Ltee
505017,BCL Glove
510464,Claude Goyette
505772,Optiplast
505841,Quero Metal
505139,bernard & fabien
443720,Plainfield Mayur - Cuisine of India
505884,Precicast Ltee
510529,Optiques Fullum Inc.
506005,Demenagements Tremblay Express Ltee (Les)
274507,"Integrated Security Solutions, Inc. (ISS)"
504955,Equipements Survie Maritime (ESM)
511789,EMTI Solutions
511790,Laurencie Informatique
504982,Municipalite de Maria
189304,UBEE'S Restaurant & Bar
510512,J. Vaillancourt
508060,Etalages Match Display
512667,ABITIBI Helicopters Ltd.
510627,Timcal Canada
511258,Eco-Management
510382,Ecosolaire international inc
505890,ISOLATION MORISSETTE LTEE
542233,JCS Hosting
505649,danielmace.ca/arts
512554,Tartar Design Graphique
216845,Indiana NewsCenter Live at 11 PM Weekend - WPTA-TV
506152,Doral International Inc
506026,Silage social
510289,Bluedogz Design
506429,Tandem
510643,3 Seasons Camp
511305,Luxe Corp
510563,VIMAG solution marketing
511609,Petland Quebec
504951,Pierre Rondeau
504953,Gravel Sports Inc
511097,Les Alarmes Karoma
505024,Scierie Lapointe & Roy
510950,Acoustix Quebec
505978,Serigraph
506157,Toast et CafÈ
506158,Constructions
505811,Irexis Group
408239,Associated Electrics
509301,Equipe Service enr.
510789,Gerin Pomerleau Couture
510792,La Fermette de la Chevrerie
510423,Sun Valley Harvest
506568,Parallel Services Linguistiques
506945,BIJOUX ST-LAURENT
507167,DIVERS
507989,Verre lime inc
326349,Just Imagine Decorating
78731,France-Amerique
513068,Caisse populaire
515534,Xaragua
513135,TracNet
511082,Gestion Plus
507102,MEDical
540718,V.E.S.T
157850,G'Day Gourmet
442310,El Hispanic News
510551,Total Net Distribution
505615,Technopole Defence and Security
505204,IL Quebec
505325,Jacques Demers Designer
505326,GSV
505379,Capilex Charel
505521,Quebec Cigare
505681,Videoconferece et Webdiffusion
505036,Industries P.H.L.
511125,SP Services Sant
511698,Maristella designer multimedia
505097,ENERGIE PGE
504965,Graymont (Portneuf)
505864,Traitement de la Capitale
510379,Systemes tag
510539,PharmAthene Canada
511903,Blue Planet
29923,Colomer & Suarez
456106,Banco de Desarrollo
477437,Museo Arte Contemporaneo
511981,Virage Gestion
506127,Les Grains
505138,SHOLA
538065,Best Facilities
510419,Gamex
6446,Panago Pizza
510407,Equipements Pierre Champigny Ltee
326845,Affirmative Insurance Holdings
97520,Whiting Door Manufacturing
423848,Rigging International
506054,Tele-Cable Albanel Inc.
93947,New York State Assembly
94003,The Greater Capital Association of REALTORS
94098,New York State Division of Parole
369670,Bowlin Travel Centers
300083,Alexis Fire Equipment Company
4013,The Hartford Public Library
326882,Atrion Corporation
109312,Penn Treaty American Corporation
506030,Electro Saguenay Ltee
2036,Satellite Information Services
476753,Saint Marks School
359292,Hart Scientific
1082,Ivoclar Vivadent
411383,Audiobahn - Ichibahn
44722,Jps Glass
506340,Commerce Label Inc.
225201,Gudel Lineartec Inc
541354,Moran Dan Productions
198911,Haulotte Group US/BilJax
301669,The Libman Company
131014,BNG America (US Headquarters)
457785,Brigham's
349165,BCER Engineering
2144,Ortec
2166,TRX
2202,WES Consulting
12053,"Premiere Global Services, Inc."
153621,VistaCare Hospice
485818,"Carter Company, the"
288244,Old Second Bancorp
4380,Tabbedout
4399,Chaotic Moon
4433,Patient Privacy Rights Foundation
345886,USA Compression 
346849,CG&S Design Build
347329,EZ Restaurant
506132,Voir Autrement
506133,Telebec
506134,Les Autobus Helie Inc.
506135,Les paniers Godefroy
506136,Petresa Canada
510291,strategies kalacom
510292,GROUPE SECURITE C.M.
510293,Ranger Design
510294,Spectra Foods
510295,Les Aliments Spectra Foods
510296,La Federation des Cooperatives du Nouveau-Quebec
510297,Kamek Precision Tools
510298,Konvar Interconnect Products
510299,Rolfquo
510300,Weco Electrical Connectors Inc
510301,Steam & Industrial Equipment
510302,Accord Expositions
510303,Greensolv
510304,oto Global Solutions
510305,ITR Laboratories Canada
510306,Trexo Automation
510307,Frank Ralphs
510308,NDT Technologies
510309,Trueline Valve Corporation
510311,Primonics
510312,CORPORATION D'ALIMENTS ENCORE GOURMET
510313,Canada Tire Company Limited
510314,La Cie Canada Tire
510315,Erickson Commercial Div. of JAM Industries
510316,Jam Industries - Erikson
510317,Erikson Pro
1659,Aegon
125874,Philips VISICU
302888,First National Bank Of Barry
207370,Bachman's Inc
3940,The Shaw Group
17566,Teachersí Retirement System of Louisiana
90203,Del Global Technologies Corporation
30040,Caribbean Rubber
504944,Gestev
504945,Gestion Bjbg Inc
504946,IBS Marketing
504947,Golf Le Grand Vallon
504948,Mont-Sainte-Anne
440832,Leupold & Stevens Inc
1174,Kish Bancorp
446971,Retaining Walls Northwest
417337,IXI Mobile
5651,The RealReal
298432,Grupo Antolin ILLINOIS
461729,Connecticut Light & Power
1580,Datawatch Systems
1585,ProShares
6077,Orchard Brands
34315,Orbotech
2494,Source Medical Solutions
2498,Barge Waggoner Sumner And Cannon
3452,North Dakota University
512015,Opticom Inc.
512019,Projet Boreal
512051,Groupe Boutin Inc.
3733,Wilber Lane Law Firm
137844,Bluefield Regional Medical Center
2381,Vicor Technology
172496,XN Holdings Inc.
173630,China Direct
512005,Erl Inc
512086,Perron Hudon & Belanger inc.
4603,CradlePoint Technology
4609,Privlo
138,Where.com
196,NSTAR
6085,Standish Mellon Asset Management
6090,Sovereign Bank
6099,John Hancock
38347,Patriots Trail GSC
5927,Vertafore
119692,Shoppers Food & Pharmacy
2744,Bowling Green State University
30,Lightower Fiber Networks
3464,TEXbase
105886,Bradford Area School District
40002,Roman Catholic Archdiocese of Boston
90468,Medical Action Industries
185411,American HomePatient
466021,Delek
305240,Zoltek Companies
111282,Fidelity Savings and Loan Association
956,OpenGeo
511616,Realisations Technologiques CEM
511641,Laboratoire Medical Biron
511651,Terrapex Environmental Ltd.
512348,Geostar
111352,DiFabio's 9th Street Market and Catering 
235401,Express-1
137385,Bontex
3527,HyperQuest
280211,Eagle Test Systems
63,89 Degrees
508163,MindHR
508171,Les consultants Ammco
509148,Na amat Canada
509150,EPN Consulting Group
509151,Centre Hospitalier Mount-Sina
509152,Steve Woloz Associates
509153,AKLAM Promotions
509154,XBI Software
509155,Dantek Telecommunication Inc
509156,Soquelec Ltee
509157,Forensic Technology Inc
509158,Bib. Eleanor London Cote-S-Luc
509159,RTI Packaging
509160,Ocean78
29667,Drogueria Betances
4601,City of Caldwell
6419,Chaordix
533365,Binoid Solution Corporation
286047,Gelita USA
413403,Salem Communications Corporation
179,Moderna Therapeutics
181,Verastem
182,NuoDB
6108,CustomMade Ventures
6166,Camden National Corp
430172,Bering Technology
534082,NoCorode - Division of Quicksilver Manufacturing Ltd
204862,Farmers National Banc
1053,Suny Canton
504877,Cape Bald Packers Limited
504878,Partner Seafood (PSI)
395383,HDOS Enterprises
211648,"Fuller Engineering Company, LLC"
327075,Everlight Americas
1891,ABB Ltd
141116,Sapiens
21612,Forensic Technology WAI
3177,CBE Companies
511857,Concentis Technologies
511858,Glasgau - Div. de Vitrerie
511859,Aspectair
511860,Balance G.T.R.
511861,Bonair Fabrication
511862,G. Proulx
511863,Dr. Gum
511864,Chateauguay Packaging Inc
511865,Peintures Industrielles Glass
511866,G & S Consultants Enr.
511868,Promett
511869,Roullotte Gilbert Biron
511870,S.T.C.H. Services en Transpor
511871,Storcan Lt
511872,Belisle Acoustique
511873,Vicala Support Solutions
511874,PGP Consulting
511875,Divertissement Video-Quebec
511876,Logicim
511878,Marketrans Transportation Services
114356,I-trax
365547,International Surfacing Systems
1470,National Reconnaissance Office
43252,Bank of South Carolina Corporation
1958,City of Charlotte
6522,Bank of America
1781,SNL Financial
4989,Cavitation Technologies
6533,Mohawk Industries
187570,Arcade Marketing Inc
65764,"Grafica, Inc."
506060,Les Chantiers Chibougamau Ltee
3642,National-Louis University
3646,Northern Trust
290884,Messe Dusseldorf North America
291731,Millers Pub
291732,SDI
293254,V&V SUPREMO FOODS
293507,361 Experiential
293932,Oil-Dri Corporation of America
295186,Tootsie Roll Industries
295762,Northstar Aerospace
493909,"KJWW Engineering Consultants, P.C."
505895,Tremblay & Cie Syndics et Gestionnaires Ltee
505901,"Humanis Centre de Formation, Cegep de Chicoutimi"
505903,Centre de Congres & Hotel La Sagueneenne
505910,Equipement Sigma
505911,Equipement  JYL  Inc
505914,Inter-Cite Construction Ltee
505928,Editions JCL (Les)
505944,Services Petroliers M.T inc
505948,Portes & Fenetres LGC Inc.
505959,SEP Inc
505963,Trans-Quebec Diesel Inc.
29698,Empresas Berrios
2878,The Hillman Group
208968,Meridian Bioscience
2526,F&M Bank
176573,Axiom International Inc
465609,Lincare Holdings Inc
2772,University Hospitals
2781,Cleveland Public Library
2787,Cleveland Indians Baseball Company
202534,Morgan's Foods
58199,Bowles Corporate Services Inc
4312,Coldspring-Oakhurst Consolidated Independent School
488,Net Gain Marketing
2719,Hexion
2723,State of Ohio
2743,FacilitySource
275,New Hampshire Charitable Foundation
6310,Toromont Industries
1357,Avantext
2041,The NewRock Legal Society
5652,Restoration Hardware
289271,Scheck Industries
510922,Leonard - Design et Genie Web
510928,Avipor Ltee
58296,Metalico
53654,Adelbrook Behavioral & Developmental Services
5673,Seagate Technology
4096,MoneyGram International
10693,The Integer Group
330528,Tandy Brands Accessories
330738,The Hallwood Group
331540,Custom Food Group
332367,La Madeleine
473859,Eagle Materials
473862,Dave & Buster's Entertainment
496271,ClubCorp
56027,FuelCell Energy
156345,Southeastern Banking Corporation
505201,Julien Beaudoin Ltee
9354,Dayton Power & Light Inc (DPL Inc.)
276421,Kinetek
4529,Quark
4535,Janus Capital Group
4546,Titan Lenders Corp
11022,Knight Piesold and Co.
351671,Guaranty Bancorp
351800,Total Longterm Care
504954,Pro-Metal Plus Inc.
227468,Wolverine Packing Company
506049,Television locale Dolbeau-Mistassini TVLDM-9
510822,Outillage de Precision Drummond Inc.
510845,Appalachian Mining & Engineering
510856,Groupement Forestier
149433,"KOSEN USA, Inc."
142845,Hudson RCI
143021,DRI Corporation
299578,Metrocorp Inc
462383,Beacon Federal
448,DLB Associates
3348,Eden Prairie School District
3349,Minnesota Vikings
261036,DELL Compellent
516,Huber
534117,Metis National Council
534206,Technicare Consulting Inc.
391661,Employee Health Systems
391730,Employee Health Systems
437350,FIREHIRE Incorporated
8151,Bendix Commercial Vehicle Systems LLC
5013,American LegalNet
389130,"Mesoestetic USA, Inc."
389208,"Mesoestetic USA, Inc."
4482,EchoStar Corporation
6603,EchoStar Corporation
5059,California Healthcare Medical Billing
526793,Cactus Rock New Media Ltd
285687,"Peer Point Medical Education Institute, LLC"
129215,Paloma Systems Inc
105355,Spectrum Control
30350,Grupo Seleccion Corporativa (Executive Search)
24724,"Ossur Americas, Inc."
441810,Merix Corporation
2358,Becker & Poliakoff
171354,Flanigan's Enterprises
2442,Radiation Therapy Services
334534,Cantex
335192,Technical Diagnostic Services
2534,Parallon Business Solutions
466034,CLARCOR
423,Medco
298571,Freeport Regional
198808,Crown Battery Manufacturing
416729,Leslie's Poolmart
299586,Drives Inc
505650,Azentic
505653,CRe-GIM
505654,Canada Changmin Nutraceutique Co.
512412,Elle Quebec
512420,Theo Mineault 
512456,Pige! Communication
512493,JLC Geomatique
512507,"Kameleons & Cie, communication design"
512542,"Gagne, Isabelle, Patry, Laflamme & Associates, NOTARIES"
276833,Optima
4978,City of Glendale California
4572,Pixelteq
5248,Transphorm
510871,Service d'Etalonnage Personnalise
238085,American Seating Company
506153,Elmec
506154,6TM
506155,Hotel Mattawin Inc
41133,Bank of Granite
355304,Burris Optics
188099,Green Bankshares
1875,AIG United Guaranty
140825,NewBridge Bank
4445,New West Technologies
510620,Les Epices Gourmandes
30097,Novus Inc
1188,ABC27
92368,Bio-Botanica
425328,EG Systems
49839,Cold Brook Energy Inc
1494,Clearpath Solutions
9595,ePlus Inc.
118354,CÃèram Software
2303,BankUnited
165206,Simclar
441864,Bruce Chevrolet
3137,Rutherford & Associates
236931,Clarion Technologies
4188,GenOn Energy
4218,Enterprise Bank
4236,Baylor College of Medic
11196,"Linn Energy, LLC."
336424,J.B. Poindexter
337351,Source Vital
337439,McCormick & Schmick's Seafood Restaurants
337741,Demar Engineering Inc
338295,INX
338810,TechSophic
339144,Dynasol Elastomers
340161,T3 Energy Services
474295,Tennessee Gas Pipeline Co.
202762,Altus Technologies Corporation
2917,Indiana University Health
2940,Firestone Industrial Products
2944,Future Farmers of America Incorporated
6583,Arcadis
212763,Baldwin & Lyons
213515,Aprimo
214109,Delta Faucet Company
5156,Axxera
5158,BlueCava
5177,Lighthouse
406914,Stussy Inc.
407627,Access Beverage
11833,"Optimal Solutions Integration, Inc."
462039,CSAV
282929,Allmetal
282931,Enesco
282935,Midas International Corporation
10830,Jackson Preparatory Jr Hgh Scl
468763,CMS Energy Corporation
8811,Coastal Industries
159238,"Beanstalk Revenue, LLC "
101056,"Post-JournalÅ, The"
416,Knight Capital Group
6214,Toronto-Dominion Bank
61393,Accoona Corporation
104583,AmeriServ Financial
511854,Peinture Electrostatique APM Inc.
505969,GUAY SERVICE DE GRUES
505970,Portes STC Manufacturier
505971,Toc Toc Strategie
505972,CHAUFFAGE MODERNE D'ARVIDA
505973,Industries GRC
505974,Groupe Conseil Filion
505975,Stylos Moisan
505976,GeniSim Inc.
505977,"Maxima, Courtier en Financement"
505979,Painchaud & Associes Gestion Design inc.
505980,STACA (Service Transformation d' Alumine et Carbone)
505981,STI Maintenance
505982,Le Groupe Servi-Portes
505983,Industrie Ld Inc
505984,Revetement sur metaux
505985,Groupe Conseil Planitech
505986,IDEA Innovation PME
505988,Agence Musicale G D Inc
505989,Commission Scolaire de la Jonquiere
505990,Imprimerie Improtheque Inc
505991,Paramedic
505993,Signis
505994,Services Financiers St-Hilaire enr.
505995,"Equipements Paramedic Inc, Les"
505996,Achard Electrique Inc
505997,Gemel
505998,Ohlin Tracteur
505999,NYX Dimensions
506000,REMAC Industrial Innovators
506001,Groupe Cantin Gagnon
506003,"ManiganSes, Festival international des arts de la marionnette"
506004,Terrassement St-Louis Inc
506007,"Villeneuve, De Champlain, Girard, Notaires SENC"
506008,CENTRE HYDRAULIQUE HYDREP
506009,Zone Referencement Inc
6050,State of Alaska
5816,Social Wahines
274520,Semitool
8007,"Associated Wholesale Grocers, Inc."
478574,Killington/Pico Ski Resort Partners
317133,George Risk Industries
510388,Canards du Lac Brome Ltee
2618,University of Tennessee
509918,Les Systemes ACCI
509919,DevTeach
509920,Complexe Sportif St-Rapha
512242,Savvy Automation
512243,Karen Smock Freelance Writer
512245,Prestige Securkey
512246,Ressorts Campi (1987)
512269,Vincent Ergonomie Inc
512275,Multivox
512278,Recoson/Acoustica - Div.
505644,Commission scolaire des iles
504997,Groupement Agro-Forestier de la Ristigouche
505078,Sculptures Tremblay Ltee
505881,J.M.Y. inc. - Constructions Metal Baie Inc.
505885,Ebenisterie Andre Potvin Inc.
396795,DIAçLOGO Public Relations
505069,Centre d'expertise en production ovine
505070,Groupe Dynaco cooperative agroalimentaire
505071,Groupe Dynaco
505072,Nova Biomatique
505073,Kamco Construction
505074,Oceatec
505076,Technologies Lanka
505077,Centre specialise de technologie physique du Quebec inc.
11852,Tennessee Farmers Cooperative
505810,ACCIE SA
505812,Xpert Solutions Technologiques
505813,NeoDoc
505814,PubliHebdo.com online flyer
505815,Chambre de commerce de Levis
505816,Groupe Giroux
505817,Finder Expert
505818,Berco Informatique inc
505819,Novo Technologies
505820,Pieces D'Autos Transit Inc
505821,Le Groupe M. Vachon
505822,Pharmalab (1982)
505824,Reparations Ferroviaires K.L.N.
505825,Centre de Robotique et de Vision Industrielles
505826,CRT Construction
505827,Synertek Industries
505828,Excellence Electronique
505829,RST Industries
505830,Groupe Brochu
505831,Jambette Inc.
505832,Societe V.I.A.
505833,Les Laboratoires Vachon
505846,Societe d'informatique Multi-Solutions Inc
505849,Acier Picard
177779,Alico
505162,Belair Aviation
505607,Capital-Quebec
505735,Masonite International Corporation
509773,Andre Filion & Associates
509812,"Classe Audio, Inc."
2998,Lafayette Catholic School System
3929,Townsend
408278,I-Flow Corporation
408279,Quantum Technologies
348121,Claibornes Thriftway
108348,Eastern Insurance Holdings
233696,Community Mental Health CEI
343090,Falcon International Bank
372905,American Pacific Corporation
509724,Venitek Systemes
509332,Silhouet-Tone Corporation
509378,Proulx Vadnais et Associes
509492,CIMA Engineering Society
509494,Construction Voyer
509525,SystËmes Humains-Machines Inc.
509624,ATR associees du Quebec
3179,Wells' Dairy
2914,Lebanon Community School District
118558,Rehau
101848,Allegheny Plastics
505166,Eco Entreprises Quebec
504998,Dragage Verreault
1395,Beebe Medical Center
4066,Nationstar Mortgage
316254,"NDS, Inc."
252716,Excellence Electric
511547,Koan Infomedia
332975,Norris Cylinder Co
4812,University of Southern California
4814,Ticketmaster
4859,Mobile Messenger
4864,Wireless Capital
4873,Korn/Ferry International
10884,Joes Jeans Inc.
374281,WurstkÃ™che Restaurant
374917,MCL Fresh Inc
374918,Metropark USA
375141,Camp Ronald McDonald for Good Times
375588,Frederick's of Hollywood
377984,American Metal & Tech Inc
192949,Hawkins Company CPAs
456147,Enterprise Bancorp
30472,Kleeberg Sheet Metal
506031,Fentres Rejean Tremblay Inc
506032,Transports JM Bernier inc
3261,University of Wisconsin
65916,Chaine House at Fairleigh Dickinson University
139099,Remington Arms Company
3008,InfuSystem Holdings
313773,Securenet Alarm Systems Inc
117147,Brothers Paving & Concrete Corporation
313196,BG Consultants (BG)
107919,Worley & Obetz
320437,DeSoto Regional Health System
512157,Albi Le Geant Inc
1710,Commtouch
91389,Total Computer Systems
5276,Solar EnerTech Corp.
5277,Kana Software
46895,Meredith Village Savings Bank
460829,GT Advanced Technologies
7204,"TracFone Wireless, Inc."
166973,"Aballi Milne Kalil, P.A."
169574,Neff Rental
53901,Zygo Corporation
430885,brightoceans
3218,University of Wisconsin-Milwaukee
3224,City of Milwaukee
249708,Weyco Group
3358,Robins Kaplan Miller & Ciresi
3388,UnitedHealthcare
261060,"C&H TECHNOLOGY, INC. "
261100,"C&H TECHNOLOGY, INC. "
272818,Bourgault Industries
6257,Horizon Health Network
215349,MutualBank
6323,Canada Cartage
519650,Bohler Welding Group Canada Ltd.
542111,GEEKS UNLIMITEDô
102507,Parkvale Financial Corporation
6600,Green Dot Corporation
508641,Presentoirs Point-1 Displays Inc.
510422,Erabliere B G Inc
506675,Media Graph
506859,Doubletree Plaza Hotel Montreal Centre-Ville
507044,Intimode Canada
507237,Fashion Frame
507459,Presima
507468,Courtyard Marriott Monteral
507492,Tournesol
508046,CDEC Centre-Nord
508047,Centre Generation Emploi
508049,Tricot Mondial Inc
508050,Lingerie Najerika
508100,Federation of Bodybuilders
508279,Demers Zajac Vena
508280,LMS Medical Systems
508281,Mantoria International Enterprises
508283,Universalia Management Group
508292,P.G.V.
21664,Paladin Labs
21665,Met-Chem Canada Inc
21666,Loto-Quebec
506163,Entreprise d'electromecanique Delstar
506164,Fortier Transfert Lt
506165,Ventilation Manic
506166,Delom Group
506193,Marquez Transtech Lt
506200,Colonial Elegance
506211,Cuisine Crotone
506212,IGF Experts-Conseils
506213,ACCO Panneaux Acoustiques
506215,TGA Montreal
506216,Italdivani Meubles
506218,Groupe Montech
506219,ADEX Systems
506220,Polyfilm Extrusions
506221,ORAPICANADA
506222,Alarmes S
506223,Peinture Sylteck
506224,Genuine Productions
506225,Hoover Canada
506226,Societe Laurentide Inc.
506227,Meubles Via
506228,Multiforme M
506229,Manufacture Freno
506230,Innova Precision Machine Shop
506231,Heiplex
506233,Tecniplast
506234,Plastiseal
506235,Italcan Moules de Precision
506236,Les Importations Verona Lt
506238,Ital Forge Ornementale Ltee
506239,Vaserie P.L.P. Canada Lt
506240,Continental Hydraulics
506241,Hydrauliques Continental
506242,Capri Ravioli
506243,Airsolid
506244,Techniprodec
506245,Aliments Pro-Marque
506246,Technospray Solutions
506247,Service Informatique Soft-Tech
506248,En Mouvement
506249,Specfast
506250,Alpin Wood Work
506251,Outillages Avitec
506252,Teraluna Enterprises
506253,Industries Cendrex
506254,Atlas Papers Inc
506255,Les Papiers Atlas
506256,Fornirama
506257,Ocean Building Products
506258,Extrubec Plastiques
506259,Les Produits De Plastique
506260,Ventilation Maximum Lt
506261,Fer Ornemental Mirabel Inc
506262,Les Produits d Acier Stel-Bec
506289,MARBRETCETERA
506418,La Broderie
506419,Productions M.Y. Arts inc
506421,"Morera, Center of business, Firm of International Trade"
506422,Centrale des syndicats du
506423,AGINEX
506426,Assurance Concordia
506428,Medimedia Development
506433,Beaudoin Doray Tremblay & Associates
506434,Gestion Profabco
506442,Leroux Gestion Conseil
506443,Antique Salle de R
506444,Centre coll
506445,Auberge Royal Versailles
506446,Release Coatings
506447,APCO Industries Co.
506448,Central Video Systeme ( CVS )
506449,Hunt Refrigeration Inc
506451,GROUPE LINCORA
506452,Homeocan
506453,Brasserie Aurora
506454,Acme Auvents Prestige
506455,Canevas G
506456,Les Produits de Plastiques Age
506457,IciRive-Nord.com
506458,Importations Quincaillerie Can
506459,Proceco
506460,Association quebecoise de l'aerospatiale
506552,Centres Jeunesse de Montreal
506554,Genome Quebec Pharmacogenomics Centre
506556,Poklik Solutions
506557,SIGMA-HR Solutions
506558,Construction Precellence Inc
506559,Plexo
506560,"Logiciels Informat Inc, Les"
506561,IPSO
506562,Biod
506563,Wattman Trains & Trams
506564,Menard Martin Avocats
506565,Solotech
506566,Visque Inc
506567,Services de Cuisine H.R.D.
506569,Communaut
506571,Notixia
506572,Co Canadienne de M
506573,S C Cartridge
506574,Chocolat M
506575,The Wharehouse Magazine
506576,Yoctocosmos
506577,Karlo Corporation
506578,Meubles Lorenz Lt
506579,Titanium Era
506580,Planiform (1983)
506581,Basketball Federation of Quebe
506582,Ligue de Bridge de Montr
506583,Federation clubs motoweigistes
506584,Football Qu
506585,Hockey Qu
506587,Regroupement Loisir Qu
506589,Ski-Qu
506590,Corp Sports-Qu
506591,Exo Conseil
506592,Alligacom
506593,L'Equipe Macniak
506594,Groupe iWeb
506595,Jelco Lt
506596,J.E. Lortie Compagnie Ltee
506597,Groupe SAMAJAM
506598,Groupe Led Lamarre
506599,William Scully Lt
506600,Services linguistiques Annie Talbot
506601,Quantik Solutions
506602,Meubles Re-No
506603,Fonara Textile
506604,CEV
506605,Sofame Technologies
506606,Boulangerie Au Pain Dore Ltee
506607,Communications Tele-Cam
506608,Pirogue Communications
506609,Coop de Taxis de Mont
506611,Blinds-to-Go
506612,Groupe Qualitas
506613,Securite routiere ambulance
506614,L'Indice marketing recherche et strategie
506615,AU_PC Informatique
506617,Univesta Insurance
506620,ZEROSPAM
506622,Coutu Consilium
506623,Maheu Extermination Lt
506624,SODER
506625,Domfile
506626,Medicus
506627,Commerce Sante
506628,Le Buffet L.D.G.
506630,Flash Grafix
506631,PMT Vid
506632,Pecheries Norref Quebec Inc
506633,Octasic
506635,Viasat Geo-Technologie Inc
506636,Helimax energie Inc
506637,Topigen Pharmaceuticals
506638,Projets PART
506639,Canadian Centre for International Studies and Cooperation
506640,CECI-Asia/Montreal
506641,Ard
506642,Nanni Marketal
506643,Cartonniers Vall
506644,Delamore Consulting
506645,Systemes Reseaux Bashavision
506646,SIR Solutions
506647,Shatobu
506648,Foyers Supr
506650,Autoaubaine
506651,Palma Verrerie D
506652,Zabatex Textiles
506653,Fourrures Mudry & Modern
506654,Acier St-Michel
506655,Acierst St. Michel
506657,G & B Cotton Inc
506658,Electroline Equipment Inc
506659,Alpas Jewellery
506660,Deschnes & Perreault Construction
506661,Service de R
506662,Leger Hoist
506663,BRT Solutions
506664,BELRON CANADA
506665,Laboratoire D'Essais
506666,MEMTRONIK INNOVATIONS
506667,Rustblock Inc
506668,Axima Services
506669,Altimum IMS
506670,Les V
506672,Choquette CKS
506673,Les Importations Grand Prix
506674,INDUSTRIES MAJESTIC (CANADA) LTEE (LES)
506676,CIRQUE DU SOLEIL INC
506677,Cntr d expertise mat r
506678,Lady Sandra Home Fashions
506679,Productions Maison Direct Lt
506680,Ryshco Media
506681,Groupe d Onofrio
506682,NOTAIRE-DIRECT
506683,Focus Multisystems
506684,Chaussures Alpes Shoes
506685,Faber Ameuriq
506686,Groupe ECDO
506687,Solutions Pearson Canada Lt
506688,Le Plateau
506689,Le Progr
506690,Journal Rosemont Petite/Patrie
506691,NSEC
506692,FSNA - Montr
506693,Securite Landry Inc
506695,Groupe Eurekom
506696,Scafidi and Associates
506698,Pasta Express
506699,Restaurant El Toro Steak House
506700,MediaNova Technologies
506701,RUZE DESIGN
506702,Vellone Communication
506703,OMB Valves
506704,WAO Marketing
506706,Vertika inc
506708,Analystik
506709,Eau Pure Plus
506712,Laminage Lamcom
506713,SDM Servs Documentaires multi.
506714,Le Semainier Paroissial
506715,Plomberie Roger Chayer
506716,Deluxe Manufacturier
506717,Aquam Sp
506718,Cooper 1001 Articles
506719,Messier Designers
506720,Pierres & Roches
506721,Fullum and Holt
506722,Creation Confort
506723,Domino Design Communications
506724,ParaMedia
506725,Francis Beaulieu Traiteur
506726,QUEBACT Laboratories
506727,John Lambert & Assoc. Inc
506728,MobilitePlus
506729,Atys Informatique
506730,Unisfera International Centre
506732,"Moreau, Boisselle & associes"
506733,La Massagerie
506734,Difference
506735,Maisonneuve Aluminium
506736,FIELDTOCAD
506737,CPA - ERP
506738,Sceno Plus
506740,Quincaillerie J. Carrier
506742,"Ventes Rudolph 2000 Inc, Les"
506743,Au Petit Goret (1979)
506744,Signature service d'entretien
506745,Imprimerie Groupe Litho
506746,Montpak International Inc
506747,Le Journal de Montreal
506748,"Grpe Gesfor, Poirier, Pinchin"
506750,Annie Dufresne
506751,Collier Universel
506752,Cirtemmys
506753,Fraternit
506754,Ascent Magazine
506755,Upperkut
506756,ACP Secrets
506757,"2B, Agency"
506758,Adviso Consulting
506760,Yu Centrik
506761,Agence Science-Presse
506762,Velo Quebec Voyages
506763,Auberge de la Fontaine
506764,CyberSciences
506765,Soleica
506767,INNOVATION UMEN
506768,Artifex Media Group
506769,Putty Design
506770,MLC Associes inc
506771,Au Diable Vert Case Caprice
506772,FNC Capital
506773,National Theatre School of Canada
506774,Colibri Multimedia
506775,Netsym
506776,MontrealStays
506777,Les Consultants Geniplus
506778,Optik Design
506779,Brasseurs RJ
506780,cherchAUTO enr.
506781,MG2 MEDIA
506782,Bloom Search Marketing
506783,Alex Pneu et Mecanique Inc
506784,Guardus Solutions AG
506785,biffusion.com
506786,"Martoni, Cyr & Associ"
506787,MEDIA REDAKTICA Pro
506788,Les Syst
506789,Francophonies
506790,Les Restaurants D. Lafleur Inc
506791,Les Entrep
506792,Les Industries H.L. Plasto
506795,DEGIMI IMMOBILIER
506796,Konova
506797,Genitest
506798,X2P CANADA INC
506799,BSF/Home Window Cleaning
506800,Webtactik
506801,Mystical Magic of Loran
506802,Mixoart Bar Entertainment
506803,Bernard & Fils Traiteur
506805,WebClicShoppingMall
506806,Evenement'ciel
506807,Construction Albert Jean Ltee
506808,Above Technologies
506809,Proprius Technologies
506810,Groupe Proprius Millennium
506811,Formatique d'usines
506813,Innovaderm Research
506815,Fondaction CSN
506817,"Jean Blais, Photo Productions"
506818,InGraf / Canadian Opportunities Magazine / Magazine Quebec Franchise / Magazine Occasions d'Affaires
506819,Logilangue international
506820,Biothermica Technologies
506821,Ordre des infirmi
506822,La R
506823,Publicit
506824,KANATA
506825,Transcriptions Verbatim
506826,ARO Collection
506827,Kapone Interactive
506828,La Revue Routes
506829,Taverne du Cheval Blanc
506830,Volvox Sport
506832,Club Voyages Berri
506834,Groupe Archambault Inc
506835,Exotik Tours
506836,Wega Video
506837,Batteries Dixon
506838,Heptacube
506839,Fondation Qu
506840,Cine Groupe
506841,Amicale des diab
506842,FADA
506843,BlueWine.com
506844,Groupe CDH
506845,Proventes
506846,MaP Support
506847,Environnement Illimite Inc
506848,ePraxis
506849,Oralys
506850,Rythmes du Monde Voyages
506851,Le studio Calypso
506852,Newtrax Technologies
506853,Earth & Love
506854,CDEC Centre-Sud/ Plateau
506855,Solografis
506856,Grands Fr
506857,AYA Middle East
506858,Busac Immobilier
506860,CJNT-TV Montr
506861,Cinar Corporation
506862,iCongo
506863,Musitechnic Services
506864,AFG Consultants
506865,Amyuni Technologies
506866,"Groupe HBA, Experts Conseils"
506867,Assn d
506868,Les Estimateurs Professionnels
506869,Petrie Raymond
506870,College Andre-Grasset
506871,Jaripel
506872,Castel Hall Alternatives
506873,College Ahuntsic
506874,CONNOTECH Experts-conseils
506875,GAEC Environnement
506876,The Quebec Institute of Graphic Communications
506877,Centre de Formation Automobile
506878,Biosydel R&D
506879,Groupe Pratique
506880,CRIQ
506881,Discoveryworks
506882,Fibrenoire Internet
506884,ITW Laminations
506885,H & V Leather Goods
506886,Matador Convertisseurs Cie Ltee
506887,Padana Garments
506889,Creations Jez
506890,Montreal Parquetry Floors
506891,Creations Claire Bell Inc
506893,Les Entreprises Tex-MG
506894,Rudsak Collection
506897,So-Facile Canada
506898,Kim & Company
506900,Sport Collection Paris
506901,ZERO II 60 FASHIONS INC
506902,James Harvest Sportswear
506903,Echafaudage Du-For
506904,Into (1972)
506905,Transitexim - Div. de 4269331
506906,Importations Jeremy D. Lt
506907,Gestion Tonitex
506908,Manufacture de Chapeaux Magill
506909,Optimum Sewing Equipment
506910,Transco Plastic Industries
506911,"Dupras, Ledoux"
506912,Importations Casabawa Inc
506913,Groupe Trium
506914,Modes Caf
506915,Samuel Grossman Furs
506917,Solstice Street Fashion Jewelry
506918,Cabrelli
506919,Hollywood Jeans / Era Clothing Inc
506922,Katherine Barclay
506923,Andrew M.C. Placements
506924,Adco Enr.
506926,LiMe
506927,Tess Sportswear
506928,Acadex
506930,Matelas Martin
506934,Pageau Morel and Associates
506935,Cartonnerie Montr
506937,Yanes Canada
506939,Biblioth
506940,Extermination Montreal
506941,Amabilia.com
506942,Chocolat Chocolat
506943,Wallaby Boomerangs
506944,"Yves Cloutier, lawyer"
506946,Corp of Master Pipe Mechanics
506947,Oscar L
506948,Buffalo - David Bitton
506949,Messier Soucy Avocats
506950,Bon Mar Textiles
506952,SCIPE Inc
506954,PendoPharm
506955,Vinac Construction
506956,Tri-Star Textiles
506957,"Behna, Cormier, Gougeon, Ouellette"
506959,Ruccolo Faubert Architectes
506960,Americana 2007
506961,Ass qu
506962,ReSEAU environnement
506963,PETITES-MAINS
506964,Micror
506965,Les Dentelles Supr
506966,D.A. SECURITY SERVICES
506967,Direction Commun Strat
506969,Voyages Bergeron
506970,Efficiens
506971,Encadrements Marcel
506972,Lamicro
506973,Donna Fashions Mfg
506974,Kava Machine a Coudre Inc.
506975,Zarate + Lavigne Architects
506976,Laser Coporation
506977,docAction Inc
506978,Transcontinental Litho Acme
506979,Les Produits De Caf
506980,Realisations.net
506982,Birtz Bastien Beaudoin Lafores
506983,Groupe Catalpa
506984,Lingerie Papillon Blanc Inc
506985,Archer Magazine
506987,Copiers Copiers
506988,Pizzeria Napoletana
506989,Cyberlogic
506990,Becq
506991,La Moderna Uniformes
506992,KARIDERM
506993,Linda Lingerie International
506994,Art Systems Canada
506996,Uniformes Town & Country
506997,Regroupement quebecois pour la cooperation du travail (RQCT)
506998,Medieval Store Dracolite
506999,Kam Shing
507000,Centre D'ordinateur Grand Prix
507001,Girlports
507002,Life Sciences World
507003,Isarta
507004,ADISQ
507005,Antillana Communications
507007,Capitol Industries
507008,Association multi-ethnique
507009,Vitrerie VM Lt
507011,RE/MAX du Cartier
507012,Cheneli
507013,Utility Garments
507014,I.W.S.
507015,Scireq Scientific Respiratory
507016,Atelier Vat
507017,Saucier + Perrotte Architectes
507018,Charcuterie Parisienne
507019,Corporation AD Mats
507020,Top Hosting Center
507021,Gestion Skyline
507022,Toon Boom Animation Inc
507023,Centre Helios
507024,Maryse Leduc Architecte
507025,Jeunesses Musicales de Canada
507026,Publicite Sauvage Inc
507027,synAIRgis
507028,Indica Records
507029,Reeves interactive
507030,phasic
507031,Ardoise Design Communications
507032,Fly Studio
507033,Radio Centre-Ville Saint-Louis
507034,Vetements Giovanni Inc
507035,Les editions de la courte echelle
507036,Infinitheatre
507037,WatchMojo
507038,Cineflix Productions
507039,Publisoft
507040,Auto Journal
507041,Cite-Amerique Inc
507042,Pajar Production Lt
507045,Veratex Lining
507046,Westmount Draperies
507048,Aloha Yoga
507049,Bonavista Fabrics Canada Inc
507050,PhotoSynthese 
507051,Karen Hibbard
507052,Tecksol DGE
507053,LoGoZZ
507054,Intellia Consulting
507055,College Francais Inc. - Admin
507056,Messagia Digital Relations
507057,multiple-media.com
507058,editeurs D'Art & Associes B B
507059,Pierre Delisle Architecte
507060,Necessary Illusions
507061,Beautys Restaurant
507062,Evin Industries
507063,Groupe Intelligence
507064,Wave Generation
507066,Mga Concept
507067,Revolver 3
507068,FIG
507069,Galafilm
507070,Tzippy Corber
507072,Vincent Fournier Anthropologues-conseils
507073,M E D I U M
507074,Serv Consultation Ber Lazarus
507076,Tricots Capraro Enr.
507077,Web-Tex Inc
507078,D. Zinman Textiles
507079,Manufacture de V
507080,Shirtex
507106,Symetris Web Design + Development
507107,Automobile Protection Agency
507128,Moment Factory
507131,ALP Micro Systemes Inc.
507133,Restaurant Milos
507135,Satori Interreseautage
507136,Star-System Impresarios Inc
507137,CKDG-FM Montr
507138,Accent Labels In.
507139,Optique Cerem
507140,ROI Research On Investment
507141,TAK Design
507142,Zenobia Collections
507143,Hugo Sport
507144,Kaztex Canada
507146,Lien Multimedia
507147,Kryzalid communication
507151,Le Centre du Pin Limit
507152,Wilder & Davis Luthiers
507153,C.A.C. International
507154,Jolicoeur et Associes
507155,Restaurant Laloux
507157,Festival du nouveau cin
507158,Schwartz's
507159,Moishe s Steak House
507161,Fauteux et associes
507162,Compagnie Marie Chouinard
507166,Bolidea
507168,Productions Multi Monde
507170,Branchez-Vous
507171,Le Magazine Grafika
507172,Infopresse
507173,3VIS
507174,Antrev Management & Consulting
507176,DISMO INTERNATIONAL DISTRIBUTION
507177,NI2 Center for Infrastructure Expertise
507178,Zoupla Communications
507180,woozworld
507181,Onyris
507182,Belmont Sur Le Boulevard
507183,Zephyr DVD
507184,Cash2Family
507185,Aliments Sorriso
507186,Zero dB
507187,Agence Paradigma Inc
507188,Council on Tobacco and Health
507189,ApSTAT Technologies
507190,AskMen.com
507191,Assoc Sectorielle Serv Auto
507192,Proaction Groupe Conseils Inc
507195,Omega Optimisation
507196,Timbec
507197,CLEARGOALS Corporation
507198,LEXAR CONSULTANTS
507199,Buzz Image Group
507200,La Fabrique d Images Lt
507202,Les Foufounes
507203,Mate1.com
507204,Omer DeSerres
507206,Le Groupe Crea
507207,TM Design Communications
507208,Agence de Voyages Andes
507209,Alco Digital Solution
507210,Vues d Afrique Enr.
507211,Atelier FABRIQ architecture + design
507212,SmartHippo.com
507213,Cresedo Tec
507214,Launch Group inc
507215,Boulangerie Belge
507217,Openface Inc
507219,InfastGuide Publications
507220,Pierssens Innovations
507221,Option Elle - Centre Femmes
507222,Just For Laughs
507224,Cuddle Shop
507225,Restaurant Primadonna
507226,Bos
507227,Ecole Charade Inc.
507228,GLAMLIST
507229,Kovasys
507231,RaveMontreal
507232,WADE Canada
507233,Weblocal
507234,InSpeck
507235,Med Grill + Bar
507236,Tequila Communication & Mktg
507239,Maestro S.V.P.
507240,A.I.D. Consultants
507243,Veridion
507244,Brasserie Artisanale L Am
507245,Lidec
507246,Institut de Tourisme et d' Hotellerie du Quebec
507247,LICEF
507249,Mediaboole Solutions
507250,PyramidNet
507251,University of Quebec
507252,Musee D'art Contemporain De
507253,TM MC
507254,Place Publique
507257,CFC Consulting Group
507258,Ruby Stein Wagner
507260,Opus Hotel
507261,Atlific Hotels and Resorts
507262,Nu Frontier Communications
507264,I Solutions Intercollab Montreal
507265,Serissa Technologies
507266,Jacque Laroche Recherche Immobiliere Inc
507267,Leica Boutique
507268,Audet & Associes
507269,Vision/R4 Corporation
507270,Centre de Documentation
507271,Restaurant Du Vieux Port
507272,St Paul Pub
507273,Openfares Netfaresonline
507274,Institut de Design Montr
507275,Quebec Craft Council
507276,Prometour Inc
507277,Auberge du Vieux Port
507278,Traductions Serge B
507279,Harel Drouin - PKF S.E.N.C.
507280,Immobili
507281,Dassault Syst
507282,Hotel Xixe Siecle Inc
507283,Gestion Septart
507285,Servivap Canada
507288,United Nations SCBD
507292,Azran & Associ
507293,Mamma.com Inc
507294,Pco Innovation Canada
507295,DTI Software
507296,fast interactive
507298,ZyTrax Communications
507299,Dalma Immigration
507300,ShipCentric Americas
507301,CSMO Serv des soins Personnels
507303,DILIGENCE & PReCAUTION INTERNATIONAL
507304,Dunord
507306,Axon Integration and Development Inc
507307,Jurifax
507308,Maravedis
507310,Baton Simulations
507311,Bureau du Cinema et de la Television du Quebec
507312,Petro-Nav - Div. de
507314,Solutions Modex
507315,J. Rene Hebert Ltee
507316,Arnaud Bridger et Associes
507317,Esprit de Corps
507318,Novafisc
507319,Seanautic Marine
507320,BenAstrum Pharma Broad
507322,Fen
507323,Yelle Maille Architectes
507325,Boogie Studio
507326,Gibbys Restaurant Inc
507327,Live Work Learn Play
507328,Paquette Gadler
507329,Technologies ZETA
507330,ArtHebdo
507332,Nanometrix
507333,Ayuda Media Systems
507334,The Insurance Journal
507336,PBI Design
507337,Les Tapis Aspect
507338,C.D.I. - Mobilier de Bureau
507339,idCAD Consulting
507340,Syselog Canada
507341,Cryptomathic Security
507342,GoSecure
507343,Marketing Island
507344,Inteligan Technologies
507345,Daniel Arbour & Associ
507346,Innovation Consultants Lt
507348,Apex Maintenance Services
507349,The CSL Group
507350,Victor & Gold
507352,eXludus Technologies
507353,Globevest Capital
507354,MABI
507355,FRDesign
507356,WebStorm Media
507358,Zoum Communication Marketing
507359,Zoum Armada
507360,Navitrans Shipping Agencies
507361,Octane Strategy
507362,Film Production JG
507363,Hardent
507364,Modulis.ca Inc
507365,Audiokinetic
507366,Nexio
507369,Tungle
507372,Beauvel-Micronsult
507373,ExpoPromotion
507377,Sosign Interactive
507378,Guidatour
507379,Auberge Bonaparte
507380,Casa de Mateo
507381,M.O.T. Intermodal Shipping
507382,LE CRYSTAL DE LA MONTAGNE
507390,Feeling Software
507391,Abacus Human Resources
507393,Moghrabi&Moghrabi
507394,Neuralitic
507396,Quebec Technology Association
507397,Bouchereau Lingua Int l
507398,Saulier Robillard Lortie
507399,Mendax Microsystems Inc
507400,Tendler Group
507401,Transco Food Trading
507402,"Levesque, Bohemier & Associes"
507403,Le Restaurant St-Amable
507404,ELCIA
507405,Gestion Forest-Morency
507406,Restaurant Le Fripon
507407,LogoAgent.com
507408,SCHARLY DESIGNER STUDIO
507409,La Maison Pierre du Calvet
507411,MDM - Monac'Oh! Data Mercantour
507414,JED New Media
507416,Fonds d Assurance
507417,Assn Avocats D
507418,Globvision Inc
507419,Aragon Marketing Group
507420,Pubpointcom
507421,NESTOR System
507422,Pascal Blais Studio
507423,Legault Joly Thiffault
507424,Montreal International
507425,Fonds Ville-Marie
507427,World Trade Centre Montreal
507428,CHAMBRE DE COMMERCE DU MONTREAL METROPOLITAIN
507429,Communications Gratte-Ciel
507433,Secor Consulting
507436,Client Spectrum
507437,Simon'S Camera Inc
507439,Palais des congres de Montreal
507440,Jade Travel
507441,PANZINI CONSEILS
507442,Magra Multi M
507443,Xaracom
507444,Ristorante Otto
507445,Caisse d
507446,CITENET
507447,C.R.A.C.
507448,D'Astous Groupe Conseil
507449,Draft Initiative Quebec
507451,La Tour Centre-Ville
507453,Multi-Langue Saykaly Inc
507454,International Federation On
507458,Restaurant Toqu
507460,Woods Strategies
507462,Lemay-Yates Associates
507464,PharmaPrinciples Intl
507465,Terramont Real Estate Services
507469,La Plaza Salle de R
507471,Education Canada College
507472,Goulet Telecom International
507473,Conseil En Personnel J Cartier
507474,L Intl. Comp. d Assurance Vie
507476,B.F. Lorenzetti & Associates
507477,Addenda Capital
507478,"Lorenzetti, Bf"
507480,National PR
507481,Cantlie Suites Hotel
507482,Angora Records
507483,Cartier Tower
507487,Clarisys
507488,Jean Crisan Furs
507489,Artificial Mind & Movement
507490,Les Fourrures Naturelles Intl
507491,Seville Pictures
507494,Downtown AMIGA
507495,dotcom
507496,Stendel & Reich Arichitects
507497,Ferreira Caf
507498,Residence Inn by Marriott - Montreal Downtown
507499,ProSep Inc
507501,Umind
507502,Virtual Age International
507503,HIT Global
507504,Ristorante Cavalli
507505,Club Sportif MAA
507508,Haemacure Corporation
507510,Vinum Design
507511,Matrix Innovation
507512,Leonard Gorski
507513,Nu echo
507514,The Shearling Center
507515,Valangin
507516,Creation Thibaudeau Inc
507517,AVANCE Network Services
507518,Weblo.com
507519,Newmerical Technologies Intl
507522,Cordiant Capital
507523,Formula Growth
507524,Groupe Sant
507525,ITSYS CONSULTING
507526,OXAND Canada
507527,Sigma Alpha Capital
507530,Abilis Solutions
507531,lambda
507532,Les Services de Placement
507533,Bray Larouche & Associ
507534,Raymond Executive Search
507535,Nudleman Lamontagne
507536,ZINC Solutions
507537,Martel Desjardins S.E.N.C
507538,"Richard Proteau, Certified Financial Planner"
507539,Adam Atlas Attorney at Law
507540,CorporationCentre.ca
507541,PEAK Financial Group
507542,GSR Consulting Group
507543,INFLUENCE communication interactive
507545,Planaxis Technologies Inc
507547,Influence interactive
507548,Chambre de l Assur Dommages
507549,Chambre S
507550,Consyst Sql Inc
507552,Kelly Scientific Resources (Montreal)
507554,Cash On Time
507556,La Souveraine Cie d Assurance
507558,The Westcliff Group of Companies
507559,FGT Conseillers en Formation
507560,Kevlar Real Estate Investment
507561,Teva Canada Innovations.
507562,Canadian Gem
507563,Les Securit
507564,Gryphon Investment Counsel
507565,Institute of Canadian Bankers
507567,Pembroke Management
507571,Plank Multimedia
507573,Musique Plus
507575,Orchestre M
507576,rebelles.com digital marketing numrique
507578,Saint-Pierre Grenier - Avocat
507580,Morin Relations Publiques
507581,Hydromega Services
507582,Monteva Aviation Group
507583,Voxco
507584,Reubens Deli
507586,Groupe Syspark
507587,Nakisa
507588,Multidev Technologies Inc
507590,Poulin Actuarial Services
507591,Soteria Solution Inc
507593,Lette & Associ
507599,canix
507602,Devencore Ltee
507603,Radio Nord Communications
507605,Systematix Technology Consultants
507606,Lengvari Financial's
507608,ecole internationale d'etiquette et de protocole
507611,Virtus International
507612,Natcan Investment Management
507613,Cognitive Group
507615,Consensus Informatique
507616,Dana Logic
507617,Girafe Communications
507618,Igeco International
507619,Power-Lite Industries
507620,Quest Personnel
507621,SIPAR Inc
507623,Virage Capital
507624,Holmested & Associes
507625,Sia Service Information Access
507626,"Thibault, Messier, Savard"
507627,Lexpar Management Service
507628,Global Automation Partners
507629,Gattuso
507630,TH Consultants
507631,OZ Communications
507632,Weylands International Trading
507634,VOX Data
507635,One World Interactive Canada
507636,Palm + Havas
507638,ADRIQ
507639,AmeriTel Consulting
507640,CH KAY Traductions
507641,Counterrisk
507642,Elfiq
507644,Hexagram-Institut de Recherche
507645,Mariage Qu
507646,ODESIA Solutions
507647,Ollwin International
507648,Prompt
507649,Translatec Conseil Lt
507650,Accetis International
507651,Keops Technologies
507652,Sulliden Exploration
507653,Groupe Conseil PRI
507655,Studio Digilog/ Net Postproduction
507656,Binex Electronic Marketing
507657,Law Offices of Sylvain Roy
507658,ACN Inc
507659,Macrobell Group
507660,DeepObjectKnowledge
507661,Montreal College of Management and Technology
507662,Ridgeway North America Limited
507663,Guy Tombs Limited
507665,Technorm
507666,Ressources Systemes Informatiques (VRSI) inc
507667,Le Groupe ABI
507669,Intrafina
507670,IVI PALOS
507672,Palos Capital
507673,Intelerad Medical Systems
507674,Casgrain & Compagnie Lt
507675,L Institut d assur de domm Qu
507676,Logimethods
507677,Nicolet Chartrand Knoll Lt
507678,Dundee Leeds
507681,Gestion par Priorites
507682,Dion Management Groupe Conseil
507683,Orchestre de Chambre de Mtl
507684,Sachem Consulting Group
507685,La Roche Rouleau & Associates
507686,Financiere Banque Nationale
507687,National Bank Financial
507690,AVAINTCON Consulting
507693,Groupe canadien MDS
507696,Mather Leigh
507697,OPERANDI
507698,RPFL
507700,Superior Hill / dba Inzozi Coffee Canada
507701,Telesysteme Ltee
507706,ServersCheck
507707,Restaurant Decca 77
507708,Air Liquide Canada
507709,Montrusco Bolton Investment
507710,METEOGLOBE Canada
507711,Cubana Air Lines
507712,FXInnovation
507714,Marque d Or
507716,Rapide Courrier
507717,Ecole De Technologie Superieue
507719,HR Alloy
507720,MLORE
507721,Action d
507722,Technology Evaluation Centers
507723,Festival Intl Film sur l Art
507724,Synchro Golf
507726,Altitude Groupe Conseil
507727,Groupe T
507728,Lemay & Michaud Architecte
507729,Lithographie Express
507730,Vid
507731,Solid Fusion
507734,Artex Design
507735,Les Restaurants La Pizzaiolle
507736,Solabs
507737,Atara Equipment
507738,Laurier Repro Plan Lt
507739,Corlab
507740,Service D'Entretien Des
507741,Converge Net
507743,"Marcolin & Associates, Division of Retirement Counsellors"
507745,IFCS
507746,RHR Expert
507747,Total Media
507748,Eeyou Communications Network
507749,DC Studios
507751,Equitra Corporation
507752,Surf Intelligence NumÃ_Â©rique
507753,Microids Canada
507754,PaymentPin
507755,Technologies Teximus
507757,Treetechnologies
507758,Averna Technologies
507759,Oceanwide
507760,Neotech Group
507761,Productions Arborescence
507765,Laval Micro Infoserv
507766,Inpix
507767,Ndex Systems
507768,Trigonix
507769,Vertigo Multimedia
507771,Vision Globale Lt
507772,Cantel Computers Corporation
507773,Conceptum
507774,Functionalab
507775,Geomatics Emco
507776,IMDS Software
507777,MISTIC Software
507778,Logiciel MISTIC
507780,ulySoft
507781,Valsar
507782,Nstein Technologies Inc
507783,Accents de Ville
507784,Belgo Media
507785,Association des Physiciens et Ingenieurs Biomedicaux du Quebec
507786,Holy Face Association
507789,Katimavik
507790,Transport Nanuk
507791,Montreal Port Authority
507792,WINGHO AUTO CLASSIQUE INC
507793,Complexe Cit
507794,Aheeva
507795,Atelka
507796,PensEra Knowledge Technologies
507798,Cesart Creation Inc
507799,Motorola Canada Lt
507800,EquiSoft
507802,M.F. Wirth Rail
507803,Ytria
507804,Restaurant H
507805,b-dev
507806,Developpement Effenco
507807,Maadigroup
507808,Syndicat International des Marins Canadiens
507809,Courrier Intelcom Canada
507810,I B Web (International Boutiques Web)
507811,Koodo Mobile
507812,Les Amput
507813,International Civil Aviation
507815,Jillett Entertainment Group
507816,La Maritime Assurance
507817,interKnowledge Technologies
507818,Gestion Molesini Inc
507819,Locations Michel Trudel
507820,DNCOM Marketing
507842,KOMAND Consulting
507845,Les Entreprises Earl Luger
507846,Bice Catering
507847,Snell Medical Communication In
507848,Mike s Restaurant
507849,"Maison Ogilvy Inc, La"
507850,Laria Inc
507852,Alliance Management Groupe Conseil
507853,Les Fonds d Investissement
507854,babyTEL
507855,Dystrophie musculaire Canada
507856,Vantrix Corporation
507857,World Federation of Hemophilia
507858,babyTEL Inc
507859,Best Western Europa Hotel
507860,YMCA of Greater Montreal Head
507861,Fjord
507862,Les Consultants Fichten
507866,Info-Sys Solutions
507867,Avtec Professional Audio-Visual Services
507868,Marie Saint Pierre Design
507869,"BioCapital Investments,L.P."
507870,Devcas
507871,Orenoque interactif
507872,Restaurant Pino
507873,Wienstein & Gavino Pasta Bar
507874,E.P. Kaufmann & Co.
507875,Malicis
507876,concordiasupplies
507877,Auberge de Jeunesse de Mtl
507878,Capital Technology Partners
507879,Mediavation
507880,Productions Via le Monde
507881,Le 2482 Maisonneuve
507882,Consensus Meeting Planning
507883,SOM
507884,Des Arts Communication
507885,Site Sell
507886,"Little, Dr J Michael"
507887,ALISON SILCOFF EVENTS
507888,Contex Environnement
507889,Maletto et Associes
507890,Chateau Versailles
507891,Cinelume Film Video Inc
507892,Senior Tours Canada
507893,Jazz Marketing Communications
507894,Tempbridge
507895,Schwartz Levitsky Feldman
507896,SyMetric Sciences
507897,La Tour Belv
507898,College Inter Dec Inc
507899,G T I Canada Inc
507901,Genivar Constructive People
507902,Institut Strategies Industrielles
507903,Ocean Plasma
507905,The Sacred Heart School Of Montreal
507906,Physiotherapy & Sports Medicine
507907,John Fallon
507908,Julien Leblanc Traiteur
507909,Dauphin Technologie
507911,Restaurant Bar B-Barn
507913,3dMaverick Multimedia
507914,Action Canada-France
507915,The MUHC Redevelopment Project
507916,OPDQ
507917,Tyark College
507919,Head Research
507920,Canadian Centre For Architecture
507921,D&G ENVIRO-GROUP
507922,Mercuri International
507923,GCL Distribution
507925,Historia (Les Chaines Tele
507926,Les Publications Feature
507927,Astral
507929,eConcordia.com
507932,Groupe Analekta
507933,ARIANNE Relocation Canada
507934,CFT
507936,Le Groupe Seguin Lacasse
507937,T2 Marketing
507938,PCMS Conseil
507939,Canada World Youth
507940,Baldor Quebec Atlantique
507941,Pyrogenesis Inc
507942,Conceptis Technologies Inc
507943,Promodirect
507944,Typoscript
507945,Yves R Hamel & Associ
507946,C.L.Communications
507947,Montreal Photography Prod Serv
507948,IMA GROUP CORPORATION
507949,ELAM ltee
507950,Groupe Financier Laplante
507952,T.O.P. Sports
507953,Art-Deco International Karpets
507954,Canfab Packaging
507955,Infolan Communications
507956,Bhuiyan Entreprises
507959,Airscience Technologies
507961,BERLIN and Associates
507963,CITYPASSENGER
507965,Echo-Stream
507968,Service d Exposition Graphicor
507969,Green Communication Design
507971,IDG Communications
507972,IPTel
507973,Clos des Vignes
507974,Luxtec Lt
507975,Merlicom
507976,Norpix
507977,Premier Continuum
507978,Reso
507979,SDK and associates
507980,Les expertises environnementales Soconag
507983,Terminotix
507987,Ergoresearch
507990,Arctic Glacier
507991,Delta RIM Composites
507992,Binatek
507993,Imprimeries REF
507994,Groupe Pixcom Inc
507995,Trans Continental Eqpt
507996,Malopan Communications
507997,Tristan & America
507998,Groupe A.P.P.
507999,Groupe Techna
508001,Stracoma
508002,Navigair
508003,Institut Recherche Psych Inc
508004,Canacom
508005,OCULO PLASTIK
508006,Skotts Leathers International
508007,Tuiles de Granite Ancor
508008,Logik Interference
508009,Bois Expansion
508010,Les Carreaux C
508011,Automation Studio
508013,Accent Formation 2000
508014,J.J. Marshall
508015,FENETRE METROPOLE
508016,Centre Pedagogique Lucien Guilbault Inc
508017,DTX Logistics
508018,Bouthillette Parizeau
508019,01 COMMUNICATIONS
508020,Mexx Canada
508021,O'rizon
508022,Equipments Scientifiques Bio-Lynx
508023,Association Quebecoise des Informaticiennes et Informaticiens Independants
508025,Candex-Corp
508027,Gestion Pachar Inc
508029,Evolvigent Strategic Consulting
508030,Safeng Services & Technologies
508032,Tajrine Installation
508035,Phoenix Media Inc
508036,Produits Chimiques Aderco Inc
508037,Info Excavation Info Excavation
508038,J.K. Peinture
508039,Securex Filing Corp
508040,TVI CANADA
508041,Red Stone Apparel Group Inc
508043,Hatley
508045,Brightview Textiles
508051,KILO
508052,Co. de Dessin de Caoutchouc
508053,L Art au Quotidien
508054,Koumbit
508055,Prana produits sante vegetaliens
508056,Betonel Limited
508057,Surveillance Lanvac
508058,ECOGENIA
508075,Alexander Pres Online
508076,Nashen Technologies
508077,Communications M
508078,Tridome Construction
508079,Kamit Communications Inc
508089,NT Express
508097,Pro-G-Mondiasports
508099,Accessoires Magiques T.D.
508101,Model Shop
508102,Shefa Lt
508103,APF MARKETING
508105,Do-Gree Fashions
508106,Ad4game.com
508107,Saffronweb Design
508108,Fontaine Chocolat
508110,VIA INTERNATIONAL
508111,Slawner J
508112,Perruques de Qualite / Order Quality Wigs
508113,Order Quality Wigs
508118,Harvey s Restaurant
508119,IRM-Direction des Technologies
508120,Father Dowd Home
508122,Jewish General Hospital
508124,Agence univ francophonie
508126,LMSOFT
508127,Priston Travel
508128,Time Sensitive Express Systems
508129,FLOGEN Technologies
508130,RAGE Beverages
508131,Lingua Technologies
508134,Purelink Technology
508135,Sinanni
508136,College Notre Dame
508137,Guibord Technical Writing
508138,3 on a Bench
508139,L Oratoire Saint-Joseph
508141,Corporation Mk Plastiques
508142,Camp B'nai Brith of Montreal
508144,Gerard Lamour
508145,Techaid
508147,Travelnet Technology
508148,Travel Net Technologies
508149,Creative Arts & Events
508151,Jerivan Communications
508153,Juricom
508154,Corp of Master Electricians
508155,Acme Tent Rentals
508156,English Montreal School Board
508157,Mr Fix-It
508158,Udisco
508159,Adam Le Spa
508160,Cruz Limousine
508161,Orion Technologies Inc.
508162,TOMA Foundation
508167,Northstar Informatics
508168,Axitek
508169,Canadian Coalition
508170,Afikim Electric Vehicles
508234,North Atlantic MLE Trading
508236,Helen R. Kahn & Associates
508239,RoStar Trading Links
508241,KSH Solutions
508252,Consultanna Home Staging
508253,Ramtin Abadian Century 21 Vision
508254,Cartier et Lelarge
508255,SatelliteXperts
508259,Opimian Society
508260,Bird & Exotic Animal Hospital
508262,Cuisines Downsview
508263,Montclair Construction
508264,Berretta Medical
508265,J.E. Hanger of Montreal.
508266,Interact Alternative Learning
508267,Thought Technology
508269,Sutton Les Mat
508270,Investment Executive
508271,Bongo Beat Records
508272,Book Me A Trip
508273,Melanie Lefebvre
508274,Atlantic Life Sciences
508275,Thomas Electronic Security
508276,Villa Maria
508277,TechnoCap of Montreal
508282,Sagem-Interstar
508284,Aeroplan
508285,"Directions, Third Age Consultants"
508286,Consult-IIDC Management
508287,SACS Industriel
508288,Sentinel Canada
508289,Skye Object Systems
508290,DPS Railway Equipment
508291,Vital Data Recovery
508294,Texas Electronics (Canada)
508295,Savoir Dire Communications
508296,Dabby Associates
508297,Tricots Liesse (1983)
508299,KATZ DESIGN
508300,Lemay Associ
508302,Altapex Construction
508304,Ingrix Inc
508305,Excel Personnel
508306,W. Gradinger Lt
508307,Centre Eureka
508309,Canslit Inc
508310,Imaflex Inc
508311,Les Services De Conteneurs
508312,H. Cana Distribution
508313,Assn du Camionnage du QC
508314,Canadian Counter Measures Elect. (CCME)
508315,Cowan Dynamics
508316,Montauk
508317,Prodomo
508318,Mirdo Importation Canada
508319,Corporation Metalware
508320,Pierrexpert
508321,Imprimerie Reflet Lt
508322,Premiere Moisson Bakery
508323,Alphamosaik
508324,Altea Communications
508325,Azuris Technologies
508326,RD Sullivan Trading
508327,COGINOV
508328,eau3 Branding + Design + Marketing
508329,IsaiX Technologies
508330,Look Image
508331,Michelle Beaudoin
508332,Mingus Software
508333,Morin Choini
508334,Radio Ville-Marie
508335,Services Location Informatique
508336,Tandem Studios
508337,Trifac
508338,Dom Rebel
508339,Zyng Asian Grill
508340,Terragon Environmental Technologies
508341,BRASSERIE McAUSLAN (LA)
508342,Metropolis Bleu
508343,Blue Metropolis Group
508344,Communications DG4
508345,S. Plourde
508346,Chemor
508347,Studio Economik Div. of SYSTEMES GUINOIS INC
508348,Buena Mesa
508349,Hebdos Quebec
508350,Magma - The Creative Core
508351,Libby Engineering Limited
508352,Rotating Planet
508353,XYZ Cultural Technology
508354,Quebec Lighting
508355,P. Riopel
508358,LS Display Systems
508359,Compagnie de lubrifiants NOCO
508360,Aberton Textiles
508361,Papeterie St-Armand
508362,Textilco-Spillcon - Div.
508363,Bluebird Mfg.
508364,Schoolleeh Design
508365,Digital Days
508367,MedPlan Communications
508369,Centre de Comptoir Coupe d Or
508370,Canadian Wire Die Works
508371,Bicycles Eddy
508372,Hemlock Taxi
508373,"Chacra, Belliveau & Associ"
508374,Neo-Pen.com
508375,HyperOmics Farma
508376,AerRianta Internationale
508378,Silonex
508397,Delegation Informatique
508398,Zag Ultrasonic
508399,SPP Consultants
508400,Veolis
508401,Polynem
508402,FASTLANE AMERICAS
508403,Global International Network
508404,Vectormedia
508405,Rainbow Pop Up Products
508406,Les Immeubles Green Hill
508407,Alarme Trans-Canada Lt
508408,Alliances Telesoft
508410,Zovak Technologies
508411,TPE Technologies
508414,Kakkar and Associates Limited
508473,Ancrages Canadiens Hegedus
508476,Promotions GEVI
508477,Founoun
508478,Agripak (2M)
508479,B C G Creations
508485,Dupliskate Jonah
508486,Aliments Imex
508488,College de Bois-de-Boulogne
508489,Bois-de-Boulogne College
508490,SATELLICO COM
508491,UNITOOL
508492,JK Visual Communications
508493,RuZe COMM & MKT
508556,Kytec Enr.
508557,Eau Zone Huiles & Fragrances Ltee
508559,GAIA Contractors
508560,Hydrogeo Plus
508561,Ireel
508562,PMC Transport
508563,Francis International Trading
508566,DIMENSIONRH
508567,Jolivac
508568,GROUPE K&G
508569,Multiwebcast.com
508570,Hachette Canada
508571,Traffic Junky
508572,MEI Group
508580,Texo
508581,Auto Modena (Ferrari Quebec)
508590,Tours Cure-Vac
508599,Devmont - Condos for sale in Montreal
508612,D. L. Turner Consultants
508613,Envision Consultant En
508614,Strudes Inc
508615,UpClick
508616,Presagis
508617,Mon-X International
508618,AMT Services
508621,Construction Cogela
508622,Meade Willis
508623,Staffvision Services
508624,Technogranit & Urns Etc.
508625,Bourdon Juteau & Associ
508628,MDS Power
508629,AlertPay
508630,InterCity Group
508631,Copitrak
508632,Cie Cdn de Produits Optiques
508635,Kaba Lodging Systems
508637,OPMpros
508638,Aurura Canada
508639,Rib N Reef Restaurant
508661,Sintra
508665,OPHELIE HATS
508666,Splendid Chocolates
508667,Thera-Plantes
508668,Allumia
508669,Cardiogenix
508670,Magil Construction
508671,La Corp d Entretien Pr
508672,Solutions Cliniques Services
508673,Janin
508675,Biophage Pharma
508678,Cole Parmer
508682,Carpette Multi Design C.M.D.
508683,Cie d
508684,Pharmascience
509142,Promo Items Etc
509143,Closeouts Canada Connection
509144,EXPERTECH CMSC
509145,Airline Revenue Management Training Group
509146,Centre d h
509149,Club de Golf Meadowbrook Lt
509174,Jobboom
509175,Montreal Exchange
509176,"Dunton Rainville, Barristers and Solicitors"
509177,Dufresne H
509178,SOGIMEX Canada-Afrique
509179,Regroupement des professionnels de l'exportation
509184,VosVacances.ca
509185,Fiducie Desjardins
509186,Assurances Sogemec
506175,Amsal
506181,"DELUXE Paper Products,"
506182,Securite Kolossal Inc
506183,Gamsports
506184,Encan D'Autos Berpa Inc
506185,Jodelle Design
506186,Xstrata Copper Canada
506188,Techfab Gauthier
506199,Le Groupe C. Laganiere
506204,Confort Expert
506205,Cuisi-Mode Enr
506206,CP Formplast
506210,Solution Eau Air Sol
506420,Canterm Canadian Terminals
506263,Chevrier Instruments
506264,Claulac
506265,Pneu Metro
506266,Produits Bel Inc
506267,Adaptel
506268,Aluminium Caruso & Fils
506269,Esth
506270,Aliments Pasta Romana
506271,W. Laframboise Limitee
506272,G. Romano
506273,KCO Unison
506274,Ritepro Corporation
506275,Progistix-Solutions
506276,Infotronix
506277,Matco Lt
506279,Armature D.N.S. 2000
506280,Accessoires ACTA
506281,Trans Form Exact - Div. of
506283,Fonderies Shellcast Inc
506284,Les Industries Poltec Limit
506285,P. Hurtubise
506286,Proc
506287,Vitre Art C.A.B. (1988)
506288,Corp Des Entrepreneurs
506290,IDEM Studio
506291,Job Global Agency
506292,MTP Instruments
506293,Primo Instrument Inc
506294,Prodco International
506295,Nova T
506296,Hubbell Canada LP
506297,Clovys Media Corporation
506298,GoBilling Automated Billing Services
506299,Fermos
506300,Gerzis Micro Manufacture Lt
506301,Imprimerie Contact
506302,Emballages Qu
506303,Acier St-Denis
506304,Formules D'Affaires Chouinard Ltee
506305,Carmel Group Inc
506306,Laminage M.E.S.
506307,Bonus Metals Canada
506308,Bouty
506309,Canadian Tool Engineering
506310,Vestshell
506311,Dero Enterprises
506312,Pivin & Drapeau
506314,John Chandioux experts-conseils
506315,Alumilex
506316,Stuc Nola Industries
506317,Azur Caoutchouc Canada
509161,The Wertheimer Computer Works
509162,AD TOOL CORPORATION
509163,La Ferme Pousse-Menu
509164,Glickman Fulleringer Executive
509165,"Michele Bally, Pharmaconsult Inc"
509167,Karpman Consulting
509168,Intl. Suppliers & Contractors
465,Weichert Realtors
278256,Lifeway Foods
140158,Dan Post Boot Company - McRae Industries
99739,American Rock Salt
418505,Omnicell
3600,Naperville Unit District 203
6146,KBACE Technologies
2552,Country Music Association
2568,Bridgestone
2578,National Association of State Boards of Accountancy
186473,Cumberland Pharmaceuticals
106654,"MiLogic, Inc."
461769,Simkins Industries Inc
3915,New Orleans
3918,mumms Hospice Software
495345,Brent House
587,New York City Housing Authority
593,SpanFeller Media Group
602,Yodle
644,Everyday Health
650,Medialets
655,Spongecell
710,On Deck Capital
712,Fifth & Pacific
721,HSBC Bank
725,Dolat Ventures
761,Fiduciary Trust Company
808,Douglas Elliman Real Estate
809,Disney ABC Television Group
816,Marsh
838,CoreOne Technologies
852,Alliance Bernstein
12717,"Sotheby's Holdings, Inc."
72880,Atlantic Business Products
76293,Caliente Food Corp
77078,Haights Cross Communications
77862,United Nations Population Fund (UNFPA)
77875,Ares Capital Corporation
80861,Harlem Dowling Childrens Services
462136,G-III Apparel Group
462248,ItaÃè Asset Management
2060,Technical Innovation
90048,Structured Network Solutions
529711,Senecal & Associates
321864,Arkansas Industrial Machinery
6588,Kraft Foods
512272,Ressorts Cascades
512273,MGDtec
512276,K.K. Technologies
512287,Jasabel
505029,Aventure Chasse & PÃ_Ãˆche
519921,Leadership Insight Inc.
252762,Rampage Sport Fishing Yachts
2406,Dais Analytic Corporation
3994,Hobby Lobby Stores
5035,Sigmanet
510809,LE CENTRE D'ARTS ORFORD
513118,Tv Media Inc
513067,Armstrong & Quaile Associates - Guy Potvin
513069,Dust Evans
513070,Diresco Inc
513072,Ability Moving & Transfer Limited Co.
513073,Advantage Insurance & Investments
513075,Dynamo Playgrounds
513076,Enterprise Information Systems
513077,Thunderbird Consulting
513078,Thunderbird Press
513079,Global Postal Consulting Inc
513080,Blue Heron Consulting Services
513082,Mots pour Maux
513083,Keena Trowell Design
513084,Peter de Gannes Design
513085,InConX International Inc
513086,The Access Information Agency
513087,Orleans Carpet
513088,Chateau Marketing Consultants
513089,Cameo Security
513090,Office Solutions Consulting Services
513091,Finkelman Taylor Chartered Accountants
513092,OBJEX
513095,Marine Magik
513096,Mondova
513097,HMCS
513099,44Th Avenue
513101,Sivano Global Solutions
513102,Geomatics Industry Association of Canada
513103,Ephor Technologies Inc
513104,RAAM GROUP
513105,Online-Learning.com
513106,Clarke Communication
513107,Exegenix
513108,Work Place Ottawa
513109,CVL Information Systems
513110,Collings Media
513111,Viridis Environmental
513112,KLT Communications
513113,NSM Consulting Inc
513115,Ellistar Sensor Systems
513116,Integrated Learning International Inc
513766,Onesta
513767,K L Ferguson Consulting
513768,Katteoz
514577,Signal Stream Inc
514578,COTRACO/Ltee
514579,GateForce Solutions
514580,Global Com Consulting
514581,Solutionwise Consulting
514582,Bush and Associates Consulting
514583,OttawaWEB
514584,CODEDOGS
514585,Effective Immediately Inc
514586,Oba Lake Group
514587,Odawa Continuity
514588,Thermo-Cell Industries Limited
514590,Icegate Solutions
514592,B.I. Collective
514593,BazNET Consulting
514594,Canadian Driver
514595,Klimsoft
514596,International Mobile Services
2280,American Hotel & Lodging Educational Institute
2290,New Edge Services
6302,Bridgewater Systems
514473,Ecole de Langues de l'Estrie Inc.
514488,Societe Gamma Inc.
1647,CareFirst
2376,BenTek
172034,HearUSA
172233,Stainsafe
5518,ClearStory Data
2257,Gulf Coast State College
160257,Berg Steel Pipe
4973,"OneWest Bank, FSB"
384329,Cogent
3731,Illinois Mutual
504957,Massif
1316,Bodek And Rhodes
114026,Asociacin Puertorriqueos en Marcha
114142,BLUCHER Josam Company
4693,Arizona Public Service Company
363311,INTERNATIONAL SOCIETY OF ENDOVASCULAR SPECIALISTSÂ¬
1127,"Precise, Inc."
505005,Lionel Charest et fils
505006,Commission scolaire du Fleuve-et-des-Lacs
6278,Hewitt Equipment
29650,Destileria Serralles Inc
288,Synernet
210843,asb financial corp
1056,Suny Potsdam
5069,"Nio Security, Inc."
3933,Southern Valve Service
4760,Yavapai Regional Medical Center
69091,Pedagogue Solutions
261677,United States Distilled Products
4666,SpinGo
505526,Abak Software
505530,Escaliers Gilles Grenier
505533,Fiso Technologies Inc
505573,Orientation Finance
21683,Julien
505205,Technologies Coffea
505206,Guillemot International
505207,Autobus Laval
505208,AIA Automation
505209,Equipements Megatraction Inc
505210,Commission scolaire des Premieres-Seigneuries
505211,Cables St-Laurent
505212,Le groupe DESFOR
505213,Les Industries Rouillard
505214,Aliments Original division Cantin
505215,Ambassadeur Hotel & Suites
505216,Fumoir La Fee des Greves
505217,MediaShow
505218,SQUETRA
505219,GOTAR Technologies
505220,Xian
505221,RADAR Communications et affaires publiques
505223,ABGG Technologies
505224,HEMISPHERE CANADA
505226,Equilibrair Plus
505227,Vaillancourt Robitaille Savoie Bedard et Associes
505228,GEONUM
505229,Entrac
505230,Services Financiers Robert L. Grenier
505231,Becterm Inc
505232,Speedy Technologie Inc
505233,Ellicom
505234,Viva Poste
505235,Primatech
505236,Les Pierres Gemostones
505237,Gestion A.F.
505238,Papiers White Birch
505239,Gaetan Moto Inc
505240,Glassine Canada
505241,G&S Timberframes
505242,W2
505244,GM Development
505245,TelDig Systems
505246,Collection Souvenir
505247,Graph Synergie
505248,Hatem Communications
505250,Aviron Quebec
505251,Maison Metiers
505252,Auberge L'Autre Jardin
505254,Frima Studio
505255,"Logiciels Dynagram Inc, Les"
505256,Harfang Microtechniques Inc
505257,KOREM
505259,Galerie Orange art contemporain
505260,Econoler International Inc
505263,Sitour
505264,Stein Monast
505265,Navtech
505266,AGRAF
505267,Cote Leahy Cardas architectes
505268,Concept Naval Rejean Desgagne 2005
505269,EducExpert
505271,Tekmidac Inc
505272,PUR l'agence interactive
505273,THERMECA
505274,Ezievolution
505275,L'Expertise syndicale et professionnelle
505279,Hotel Pur
505281,BGJLR
505283,De Marque
505285,Obzerv Technologies
505286,P G Mensys Systemes
505287,Global Internet
505290,OroLogic
505291,Reference Systemes
505292,Consultants En Gestion De
505293,Administrateurs de recherche universitaire
505294,University de Quebec
505295,"Entreprises Du-So Inc, Les"
505296,MONO-LINO
505297,Constructions Richard
505298,Challenge Bell/Groupe Tanguay
505299,Expo Cite
505300,Quebec 800/Groupe Tanguay
505301,Groupe Tanguay
505302,Graphiscan
505303,Multi-Caisses
505304,Filtrum Construction
505305,Dolbec Logistique Internationale
505306,Multiver Ltee
505307,Oricom Internet Inc
505309,Constructions Betoxy Inc
505311,F.Dufresne
505312,Les Metaux Presses Quebec
505313,Presence Informatique Inc.
505314,Auto Collection de Quebec
505315,Montfort International
505318,kabso
505319,Plastique Alto
505320,Recyclage Vanier
505321,EcoRessources Consultants Inc.
505323,Dap Technologies
505327,Fourgons Elite
505328,Symbiose Consultants
505329,Nostalgia Import Canada Ltee
505330,Pompes Industrielles Ste-Foy
505331,Transport Bernieres inc.
505332,Ideal Informatique
505333,Electro-Mecanik / Playford division of Franklin Empire
505334,Informatique Strategique
505335,Projec.com
505337,Les Distributions Securi-Sport
505338,Rololight Corporation
505339,Le Groupe Sports-Inter Plus
505340,Groupe Guilbaultlte
505341,Oxygene Communication
505343,Systemes Pran Inc
505345,Genicad
505346,Hipertech
505348,Show Distribution
505349,GESTAR Solutions documentaires
505350,Juris Concept Inc
505353,SDA Domotique
505356,CPU Service
505359,Lyrtech
505360,Service Dentaire Capital Inc
505361,Kinecor
505362,Les equipements Reka
505363,FDS Industries
505364,Halle Meats
505365,Alarme Microcom
505366,Mode Avalanche Inc
505368,Inn Vue
505369,BPR
505370,GSI Environnement
505372,Distribution 20/20
505374,Fd Jul Inc
505375,Hichaud
505376,Hydro Technologies
505377,Cafection Enterprises
505378,Premoule Inc
505380,Gentec
505381,Concept Carpette Inc
505382,Lumca
505383,Scantech Inc
505384,Rayco Electronics Systems
505385,Rayco-Wylie Systems
505386,Alutile
505387,Les Armoires G. Baron
505388,WebTelecom.ca
505389,Gladius
505390,Metal 2000
505392,Doric Lenses Inc
505393,EMISPEC
505394,SOVAR
505395,INO
505396,Optosecurity Inc
505397,Optel Vision
505398,Silicycle
505399,Teraxion Inc
505400,College Bart
505401,Iago - Strategies d'influence
505402,"Gauthier, Parent et Associes"
505403,Le Capitole de Quebec
505404,Arteq Diffusion
505405,J W Comm
505406,Medissix
505407,Reseau Internet Quebec
505408,INFAX
505409,Showbizz.net
505410,Amalgame
505411,Adecco Quebec
505412,Interplex Telecom
505413,leBel communication
505414,Industries HyperShell
505415,SoleWeb
505416,Hydrogeochem Environnement
505417,Association des Amenagistes du Quebec
505418,Les Ars et la Ville
505420,Le saint publicite et design
505421,Marriott Courtyard Quebec
505422,"Center des Research Hotel-Dieu, U Laval"
505424,Centre de la Francophonie des Ameriques
505425,Anglocom
505426,Garoy Construction Inc
505427,Chambre de commerce de Quebec
505428,Manoir D'Auteuil
505429,Manoir Victoria
505430,Innovatech Quebec
505433,Speedy Surgery
505434,Industrielle Alliance
505435,Sepaq
505436,"Cote, Larouche & Associe Inc"
505437,Eterna
505438,Medical Intelligence
505439,Joli-Coeur Lacasse Geoffrion
505441,Groupe Perspective
505442,Zim-ex
505443,College Saint-Charles-Garnier
505444,Linux Quebec Technologies
505445,Soges Tech
505447,Groupe Arima Inc
505448,Socodevi: Societe De
505449,Poly9 Group
505450,CJMF FM/93 3
505452,Central Quebec School Board
505453,Groupe LPA
505454,CERFO
505456,Societe Plan de Vol
505457,Services Conseils Hardy
505458,Association canadienne des chirurgiens generaux du Quebec
505459,Syntell Inc
505460,Infectio Diagnostic (I.D. L)
505462,AFFACTURAGE FINEXCORP
505463,Hotel Le quartier
505466,Medicago
505467,Septembre editeur
505470,Conseil de l'industrie forestiere du Quebec
505472,Multiforce
505474,Solutech Conseil
505475,Government of Quebec MRCI
505476,TIGS Services Conseils
505477,Unipex Solutions
505479,Visioneering Institute
505480,lanternedigitale
505481,Groupe McNeil
505482,Humatech
505483,Infinima
505484,le groupe Acces Finance
505486,Bioxel Pharma
505487,LELEC Thermographie
505488,Connexion Marketing
505489,"Pierre Marcel Normandeau, Attorney"
505490,Chateau Bonne Entente
505492,Safi Quality Software
505493,Xagone SENC
505494,Bernier Beaudry
505496,DOMOCOM
505498,Telavada
505499,INITIUM
505500,Le groupe Yvan Chouinard ltee
505501,Unima Logiciel
505502,INKPOT.CA
505505,Hotel Normandin Inc
505507,Marius Garon
505508,Les Logiciels Premiere Ligne inc
505509,Liber-T Medtech Inc
505512,Brain Center
505513,Miro Computer Rental
505515,Portes & Fenetres Vitrostar Inc.
505516,Ameublements Tanguay
505518,ProAxience
505523,GLR inc
505527,P.E. Poitras services d'expositions
505528,Procontact Informatique
505529,ndb Technologie
505531,datadis
505534,SML Stainless Steel Group
505537,Andre Auger Events
505538,MissionHGE
505539,Secourisme PME Quebec
505541,Federation des trappeurs gestionnaires du Quebec
505542,Les Hotels Jaro
505543,GID
505544,Fortsum Business Solutions
505545,Service Techniques D.C.E.
505546,Services d'Aviation Innotech
505547,Tel Air electronique
505548,"Association quebecoise du transport aerien, AQTA"
505549,Skyjet Aviation
505550,Verreault
505551,MICA cabinets de services financiers
505554,Reseau transport Capitale
505556,modulaire plus
505557,AFI
505558,Loran Technologies
505559,GENIVAR
505560,Consulab Educatech
505561,Groupe Solution Collect
505562,Systemes Techno-Pompes Inc
505563,C.T.M Quebec Inc
505564,DELTA Services Actuariels
505565,Lunetterie New Look
505566,OSF Global Services
505567,IMAX Quebec
505568,Mazda Chatel
505575,Gid Design Industrial Inc
505576,Pronto Prototypes
505577,Cooperative de cablodistribution de l'arriere-pays
505578,Gemitech Inc
505579,Concetti Design
505580,Blondo
505581,GAEVAN ENTERPRISES
505583,Lab-Volt (Quebec) Ltee
505611,Pier 2
505612,Barbo Division
505614,IDFX Interactive
505616,davenir
39796,Jay Cashman Inc
1924,Zenph
9525,Eisenhower Medical Center
5342,Rocket Fuel
476396,AMERCO
13823,Your Community Bank
329124,ARGO Data Resource Corporation
1806,Brinks
1810,Altria
134595,Lumberg
219006,Honor State Bank's Loan Store
505677,Editions L'artichaut inc
477420,Gran Melia Puerto Rico Golf Resort
505683,Servlinks Communication
505684,Distribution Beau Soleil
505686,Novisoft
505687,B.A.K. International et Associes
505688,MPB
505689,Multi Techniques (RDL)
505690,Commission scolaire de Kamouraska et Riviere-du-Loup
505691,Solutions informatiques Uraeus
505693,Groupe LeBel
505694,Distributions Proplant
505695,Pelletier & Labrie Arpenteurs-Geometres
505696,J.M. Bastille
505697,Construction Goscobec
505698,Scoop Communication Marketing
505700,Les Peintures JAD
505701,F F Soucy Inc
510567,Bois KMS (GMI) Ltee
136631,Western Sizzlin Corporation
100856,BCC Software
45277,C.C. Dickson Co.
468826,Wolverine World Wide
124450,Emergent BioSolutions
92036,Lakeland Industries
512009,Odem International
512010,Ville De Rosemere
3492,US Foodservice
5784,Intrix
512653,Equipement Rivard
256543,La Calhene
2695,Commonwealth of Kentucky
540226,Corporate Mentoring Solutions Inc.
505140,BOISACO
5803,California Department of Health Care Services
5804,California High Speed Rail Authority
5805,California Earthquake Authority
438285,Farmers' Rice Cooperative
438442,John O. Bronson Company
3781,Express Scripts
305897,Baldwin Technology Company
258960,Kowalski's Markets
258962,Schneiderman'S Furniture
505119,Hamel Construction Inc
505120,Model Hardwood
505035,Baillargeon Doors
505039,Deloupe Inc
505040,Estampro Inc
505589,Process Systemes et Technologies inc.
511127,Sebastien Morel C.A.
505033,RCM Modular Living
505034,Les sechoires R. Laflamme inc
511152,"Guilbault et Associes, Conseil, Recherche et Strategie "
511167,Sicotte Ltee
511182,Les Constructions Bricon Ltee
510370,Transport S.A.F.
510495,AQUAelectronik Technologies Inc
510496,Emballages Jean Cartier
510497,Structures Yamaska
510498,Techose
505028,Les Industries Forestieres Pro Pac Ltee
505011,MicroBranche.com
510412,Kebois Ltee
506040,Pro Foret Habitee
506041,VISION INFORMATIK & BUREAUTIQUE
506042,GROUPE CONSEIL AGRICOLE PIeKOUAGAN
510352,L.C.N.
510453,Syri Ltee
505044,Grondair
505045,safari condo
505713,Ebenisterie Beaubois Ltee
505722,Ebenisterie Chambois inc.
505095,Forages Souterrains Nella Inc
505096,Prestolam
510353,Pototype
505144,Exact Air
505145,La vieille garde
505146,Nettoyage et Renovation apres sinistre SENAIR
510979,Specialites M.B. Inc.
511732,ConcentRx Consulting
511733,Martin Aubry enr.
511734,Martin Cyr Dessinateur Technologue
512299,CIS Group
512300,Eclairage Cyclone Inc
512301,Imausar Inc
512302,Produits Metal Vulcain
512303,Acier Ouellette
512304,Icc Compagnie De Cheminees
512306,Soucy Baron
512307,Construction Demathieu & Bard (CDB)
512309,Thermoplus Air
512310,Calfeutrage des Laurentides
512312,Millarch Corporation
512314,CeGEP De Saint-Jerome
512316,Equipement de bureau Robert Ledgare ltee
512317,Nu-Tone
512318,Atelier d'usinage Tac (driveshaft industriel)
512320,RBF International Ltee
512322,Trica Inc
505099,Promo Plastik Cooperative de travailleurs
510998,Production Electronique inc.
511027,J.B. Martin Ltee
508841,S.O.M.R. Ltee
508843,Lavanett Equipement
508968,Les Constructions De Mausolees
506461,Usinage Lebro
506463,Daubois
506464,Faucher Industrial
506465,Fond. Qu
506466,Sarstedt Inc
506467,HIFI-DVR
506468,F.G. Metal Work
506469,Innovox
506470,Plastruction
506471,Buro Design A.Q.
506472,Motel Lido
506474,Manufacturiers Brais et Freres
506475,Les Constructions Citebec Ltee
506476,Tec-N-Tec
506477,Peinture Denalt (Denalt Paints)
506478,Plaques d Imprimerie CML
506479,Corporation Gescofab Ltee
506480,Alcor Mat
506481,Delta Furniture
506482,Givesco
506483,LGIT Computers
506484,PC Plus Services Techniques
506485,Les Entreprises Roger Gentner
506486,Dist. Prod. Alimentaires Te-Pi
506487,Hebdo Litho
506488,Natcom
506489,Groupe Cameron
506490,M.R.S. Uniko
506491,Git Portes & Fenetres Ltee
506492,Hebdraulique Inc
506493,Lego Centre de Finition
506494,Fer Ornemental Spanish Lt
506495,Valentino Furniture
506496,Montreal Impact
506497,Centre Confection Castello -
506499,"Aromas Naturales Products,"
506500,Distributions J.L. Gourdon
506501,Polyroche
506503,Services Conseils RDI
506504,Les Entreprises Roland Lajoie Inc
506505,Mecano Industrie
506507,Angelo Luzio
506508,Panorama Windows
506509,Alumina
506510,Les Pi
506511,Corp. Financi
506512,TOTEM ACOUSTIC
506513,Plastipro Canada Lt
506514,alasko
506515,Qu
506516,Vast-Auto Distribution Ltee
506517,Fabrication de Meuble Hemsley
506518,Pfaff Industriel Canada
506519,ACP Chemicals
506520,Groupe De Securite M G M Inc
506521,AYK International
506522,John Scotti Subaru
506523,Holiday Group Inc
506524,EXPRAcom Technologies
506525,Sono VidÃ_Â©o
506526,FilSpec
506528,Boutique De Quilles Buffa
506529,Autoskin Corporation
506531,Canplast
506532,MAISON DE VETEMENTS PIACENTE LTEE
506533,Centre Antoine-de-St-Exup
506534,Modes Exowear
506535,FOXSECUR
506536,Mayrand Limitee
506537,Mayrand Limit
506538,Colleret & Young
506539,Organization for the Protection of Childrens Rights
506541,J.P. Falet
506542,GES Technologies
506544,Amaro
506545,Cdn Council of Grocery Distrib
506546,Comit
506547,Doyon Izzi Nivoix
506548,Cons d Affaires Horizon
506549,Le SuperClub Videotron
506550,Radiation Technologists Assn
506551,Vortex Conseils
504964,Lortie Construction
504966,Machitech Automation
504967,R.Perron Forest Products
504968,Tournage de Bois Dynastie Ltee
505019,…quipement Laplante inc.
510505,M-Powerbiz Royal
510506,Saladexpress
510507,Ste-Marie Automobiles
510325,Eddynet inc
505842,Silo Superieur
505199,Summum Granit
510415,Atelier Es Art
512326,Maerix
512327,Vivez la vie
512328,Orchestre de chambre I MUSICI
512329,Miguel Escobar Architecte
512330,Ronsco
512331,Vision Mondiale
512332,Construction.ca
512333,geranstruction
512334,Aptika
512335,SADC des Laurentides
512336,Bruce Wilson Communications
512337,Gestion Genique Inc
505122,Alutrec
505032,Golden Sap
505082,Groupe CFR (CFR Dorchester inc. CFR Controle inc. CFR Assain
505083,Ebenisterie Reflet 
505188,Construction St-Arnaud
505107,Benoit Jalbert Inc.
510462,Communication 8020
505741,ChassÈ Inc.
504939,Voluzion Systems
505190,"Entreprises Hm Metal Inc, Les"
512054,Questzones.Net
512055,SIPC
512056,Planteca
512057,Abicar
512058,Husky Plywood
512059,Le Courrier Journal
512060,Party Expert
512062,Autocar Pr
512063,Fndtn sur la Moelle
512064,"Jacques S. Bourgeois, DTM."
512065,Adaris Technologies
512067,Groupe PLB Lampron
512068,"Goulet, R Moto Sports Inc"
512070,J. Raymond Couvreur
512071,Nemo Vehicles
512072,Canevas Design
512073,"Matech, Services Conseils"
512074,Point G Design & Marketing
512077,Distribution Instrumentarium
512078,Les Messageries Courriertel
512079,Gotham Industries
512080,Wood Engraving
512081,JF Tech
512082,Securite des Deux-Rives Ltee
512083,Cadence Automation
512084,Direction 2
512085,CFP des Nouvelles-Technologies
510481,Domaine de la Carriere
4642,Global Organization of EPA and DHA Omega-3s
360983,Sorenson Bioscience
475613,EnergySolutions
5091,Sapphire Energy
5100,"PatientSafe Solutions, Inc."
402152,BioMed Realty Trust
402728,Kids Cooking ClubÅ
5399,Heroku
5414,Wilbur Ellis
5426,Brightpearl
5510,Tripshare
419912,San Francisco Opera
421304,LoopNet
5740,ADARA Networks
432312,Pixelworks
29988,B. Fernandez & Hnos.
29869,Vaqueria Tres Monjitas
29843,Hospital Espanol Auxilio Mutuo
29783,El Nuevo Dia
456107,Centro de Recaudacion de Ingresos Municipales
426768,Alpha Innotech
384349,American Dairy
13048,Tectura Corporation
423619,DemandTec
13670,"The Wentworth Company, Inc."
359222,Intermountain Community Bank
410230,Pacific Symphony
410480,FNIS Exchange
12926,Superconductor Technologies Inc.
431723,VanceInfo Technologies
4922,TrueCar
95585,Saranac Central School District
2454,Evolucia Lighting
531372,Digital Environmental
2219,HunterMaclean
2220,City Of Savannah
3550,INX International
4734,Equinox Payments
365904,Kona Grill
366672,Wildflower Bread Company
5970,Optify
5980,The Seattle Times Company
5981,A Place for Mom
5996,OneOcean
5998,PopCap Games
6000,Isilon Systems
6001,Relaborate
448796,Marchex
448802,Onvia
449649,Union Bay
449792,Dexter Chaney Inc
6209,Canadian Imperial Bank
505630,Commission scolaire du Littoral
505631,Bouchard et Blanchette Marine Ltee.
505632,G.O.S.I.P.
505633,CATECN
505634,Roussy & Michaud Arpenteurs-Geometres
505635,GCME Informatique
505636,B&E Printing
492526,Canterbury Park Holding Corporation
472599,Reece & Nichols
3209,Piggly Wiggly Midwest
510660,Groupe Enerstat
510710,Savard Martin et associes
510740,GÈny Informatique Inc.
510742,Groupe Danco TeleVac inc
510753,Electro-5
510776,AutoActualities
5010,Triton Digital
3946,LSU Health Sciences Center Shreveport
1619,Choice Hotels
92124,Precise Technology Solutions
148659,Muss & Turner
11672,"Nestle USA, Inc."
9860,Fluidigm Corporation
3005,R. L. Polk & Co.
221805,North Pointe Holdings Corporation
505183,ASPASIE
510416,"Vita Distribution, div of Provimi Canada Ulc"
373,Nestle Waters
57374,William Pitt Sothebyís International Realty
461810,The Student Loan Corporation
461816,Star Gas Partners
137130,Stanley Furniture Company
82984,St Joseph by-the-Sea High SchoolÅ
41328,Thor-Lo
510565,CG Air Systemes Inc.
228984,Steves Blinds & Wallpape
268041,Rochester Medical Corporation
43793,Scout Boats Inc
387003,Aphex Systems
5364,Schooner Information Technology
419578,Intuitive Surgical
4467,StillSecure
159949,Bill's Bookstore Inc
2416,ProVest
175341,SRI/Surgical Express
406090,Channell Commercial Corporation
501244,ViÃêa de Lestonnac Retreat Center
27781,Wilsonart
511982,Cheminee Lining.E Inc.
505758,Equipements Omnibac
386130,Nexsan Technologies
387592,Teledyne Scientific & Imaging
199410,M & M Investigations & Enforcement Bureau
6335,Mount Knowledge USA
6341,Biosenta
6351,Genesis Media
6366,Northbridge Financial Corporation
6374,RSA Group
6378,Lingo Media
28521,Primero Mining
525297,Haywood Dennis
381017,Farmer Brothers Co
381151,Sharp Industries Inc
506062,MVC Ocean
506063,Metropolitain Rustproofing
506065,Automation Mauricie
506066,Les Monuments Jean Boucher
506067,Prophetic Software
506069,SystËme Clim-Hat
506070,Cooperative Des Ambulanciers
506071,Optichem Technologie Inc
506072,Maurecon Inc
506073,Estampage J.P.L. Ltee
506076,Toiture Mauricienne Inc
506077,Prospect Gestion
506078,Centre electrique Mauricien
506079,Constructions Daniel Dargis
506080,Miniature Plus
506081,Denis Lefebvre Stylos de Bois
506082,JayDance Productions
506083,iWebVue
506084,Commission scolaire du Chemin-du-Roy
506085,Technology Magnesium & Aluminum
506086,CFC College Lafleche
506087,Savik Super-Chrome Inc
506090,Groupe SFP Ressources humaines
506091,PTI Planning Technologies for Industries
506092,Impact Mauricie
506093,OSMOSE
506094,Solus Securite
506095,Solus Securite Inc
506097,MicroMedica Solutions d'Affaires
506098,Achatplus
506099,ECOF-CDEC de Trois-Rivieres
506100,Jeune Chambre de commerce de la Mauricie
506102,ABSON
506103,CAE des 3 Rivieres
506104,Acier ATR Division Acier AGF
506105,Nico Metal Inc
506106,Geothentic
506107,Occasion Franchise.ca S.E.N.C
506108,Extravision video technologies
506109,Novo electronique
506110,Epsilia
506111,Bendwell
506112,IsoVision
506113,Sogi Informatique Ltee
506115,Ganotec Accessories
506117,Abzac
506118,Assemblage Paro
506119,Aviatech Services Techniques
506120,Fruit of The Loom Canada
506121,Maskimo Construction
506122,Premier Aviation Overhaul Center
506128,Les Plastiques Flexibulb Inc
506129,Arno electrique ltee
506130,GIVE Systems
506096,"Duoson Multimedia, Inc."
506125,Cegep de Trois Rivieres
3024,Champion Enterprises
4753,Providence Services Corporation
325672,ACRON US
242223,Dealer Impact  Systems
242277,Dealer ImpactÅ Systems
28346,TransAmerican Energy
511220,Beaute Medic
510510,Primacom
510511,Triplan Design
2298,Indian River Medical Center
262028,HEI
505787,Societe Cooperative Agricole Des Bois-Francs
505795,Delta Products
505797,Poudrier Freres Ltee
505803,Peintures
1725,Cetrom Information Technology
130632,Allied Defense Group
188505,KAB Seating
4183,Waco Independent School District
212,Adelphic
105291,Blair Corporation
205114,Avalon Holdings Corporation
1399,Greenberg Quinlan Rosner
1401,Amtrak
1409,DHA Group
1410,Promontory Financial Group
1435,TSC
1438,Intelsat
1452,National Geographic Society
1539,US Office Of Personnel Management
8820,"Cogent Communications Group, Inc."
469519,Trinity- St. Lukes Lutheran School
248923,George Webb Restaurants
1275,Aklero
112802,Kenexa
35265,Kadant
4998,GistCloud
349543,Allos Therapeutics
290228,Magnet Schultz of America
362,Weston Software
28302,Defense Mobile
138543,H.E. Neumann Co
280239,"BOWE BELL + HOWELL Scanners, L.L.C"
280319,"BOWE BELL + HOWELL Scanners, L.L.C"
314138,Burnham Composites Inc
510375,Equipements Mathieu
110092,Bohlin Cywinski Jackson
108425,Penns Woods Bancorp
1390,e DMZ Security
2850,Wilmington Savings Bank
529408,Caps Canada
529469,PBL Insurance Limited Blonde & Little Insurance
461858,Northfield Bancorp d/b/a Northfield Bank
4322,Benchmark Hospitality International
288759,Teledyne Storm Products
505195,Portes et fenetres JM Ferron 
502620,Villagio Inn and Spa
