company_id,company_urls
142,americantowers.com
24146,A.M.Best.com
126474,abacuscorporation.net
166123,ABBOPTICAL.com
7430,abc.go.com
26231,AbingtonHealth.com
7469,AccessPoint.com
19901,AccorHotels.com
279620,Accuity.com
285406,AccuratePersonnel.com
544237,ACLARABioSciences.com
26287,ACSGroup.com
3520,AddusHomeCare.com
7292,AdmiralInsurance.com
2396,ADTSecurity.com
21049,AegisSciences.com
20914,AerojetRocketdyne.com
7579,aerotek.cm
331650,AgilityCommunications.com
155292,aglc.com
26064,agmc.org
436265,agreeya.com
3419,AgStarFinancial.com
462748,ahm.com
436632,ahss.org
4273,AirLiquide.com
228331,AJMPackaging.com
17394,akzo.com.au
20644,albertsonsmarket.com
461523,AlexanderTechnology.com
1639,allegisglobalsolutions.com
15012,AllegroDevelopment.com
7682,ALLIANCEONE.com
17211,allianzusa.com
26070,alliedelectronics.com
7696,almost-family.com
1810,AltriaGroup.com
474562,AlvinISD.com
5695,amat.com
430279,AmazonLab126.com
3809,AMCEntertainment.com
265902,americanequity.com
21210,AmeriColdLogistics.com
21210,americoldrealty.com
1821,amerigroup.com
4804,AmeristarCasinos.com
7756,AmerisureCompanies.com
462463,AmpcoPittsburgh.com
7774,AmtrustFinancial.com
4317,AnadarkoPetroleum.com
547192,Andersen.com
996,APITechnologies.com
17225,ApogeeEnterprises.com
409864,appliedmed.com
3478,aptargroup.com
6583,ARCADISN.V.com
6583,ARCADISNV.com
28573,ArcBest.com
25965,ArchromaCompany.com
77875,AresCapital.com
17802,ArgoGroup.com
23680,AriensCompany.com
16175,arkemagroup.com
15769,armani.com
2078,AsburyAutomotive.com
309030,ascensionins.com
424425,AssetMarkInvestment.com
20931,AssociaCompany.com
311917,ATI.com
7954,AudaExplore.com
205993,AultCare.com
545908,AutomicSoftware.com
7982,AvagoTechnologies.com
165346,avantegroup.com
79092,AXAAdvisors.com
1955,AXAFinancial.com
27837,AxaltaCoating.com
208406,AxcessFinancial.com
1283,B.F.Saul.com
483284,B.FSaul.com
22564,BaggettTransportation.com
14985,bah.com
457867,BakerCorpscompanies.com
700,BankLeumi.com
2374,bankrateinsurance.com
23625,Bar-SFoods.com
334763,BarnesGroup.com
410737,BarnettFinancial.com
421736,BayEquity.com
2453,beallsflorida.com
5225,beckman.com
3248,beloithealthsystem.org
3294,BemisCompany.com
77190,Berdon.com
427906,BerkeleyResearch.com
45462,BFGCommunications.com
8269,BioMarin.com
23581,BlountInternational.com
23910,BlueBuffalo.com
19332,Bluegreen.com
484014,BluegreenVacations.com
19261,BlueLinx.com
159677,bmcjax.com
613,bn.com
7747,bnpparabas.com
7747,BNPParibas.com
8283,Books-A-Million.com
17070,BoschWorldwide.com
23012,Boscov.com
23012,BoscovsInvestment.com
497623,BostonRedsox.com
462006,BraccoDiagnostics.com
525099,brascanam.com
462648,BrenntagAG.com
24766,brickman.com
6191,BridgewaterAssociates.com
82596,BrixmorProperty.com
4149,BrookshireGrocery.com
544214,BrukerBioSciences.com
15231,bryancavellp.com
17739,BuckeyePartners.com
2315,BurgerKing.com
473,BurlingtonStores.com
301417,BuseyBank.com
170993,C3CustomerContactChannels.com
520887,ca.endress.com
6115,cabotcorps.com
13890,Cal-MaineFoods.com
20568,calix-networks.com
8464,CampbellEwald.com
22816,campingworldrv.com
8474,CantorFitzgerald.com
1192,CapitalBlueCross.com
8480,capitalcu.com
66204,CAPSUGELCO.com
28123,captechventures.com
23557,CaraustarIndustries.com
14249,CardnoInvestments.com
26756,carestreamhealth.com
314293,CarlsonCompanies.com
84558,CarlZeiss.com
14356,Carter.com
27007,CastletonCommodities.com
547780,catlin.com
23284,CelerityIT.com
27460,CentierBank.com
3383,CeridianHCM.com
8641,ceterafg.com
6266,CGIGroup.com
543757,CHCHelicopter.com
8690,ChemicalBank.com
470194,CherneContracting.com
17589,ChickasawNation.com
2821,chmca.org
171967,chromalloy-cla400.com
2162,ChurchsChicken.com
17863,CimarexEnergy.com
545096,CimpressN.V.com
8968,CioxHealth.com
18201,CKERestaurants.com
486782,ClubMed.com
2130,Coca-ColaBottling.com
431343,coherentinc.com
462737,Colfax.com
5266,collabnet.com
544345,CollaborativeConsulting.com
543449,colpal.com
221659,ComauBV.com
205747,comdoc.com
892,CommerzbankAG.com
1971,compass-group.com
545405,Compassus.com
24080,CompressorControls.com
1220,ComputerAid.com
36423,Computershare.com
16045,ConiferRealty.com
492482,ConnexionsLoyalty.com
4012,ConocoPhillipsCompany.com
465170,ConsolidatedData.com
1090,ConstellationBrands.com
24179,CornerstoneBank.com
18228,CornerstoneResearch.com
374,covantaholding.com
109883,CPGInternational.com
9012,CrestwoodEquity.com
9012,CrestwoodMidstream.com
117317,crfax.com
16726,crossmatch.net
17825,Crystal.com
13491,CSCProtective.com
545495,CTBCBank.com
332371,ctot.com
9080,CumulusMedia.com
255,CVS.com
9375,DaiichiSankyo.com
2292,DardenRestaurants.com
7075,Data.com
9148,DataRecognition.com
2633,DavidsonHotel.com
462048,DCHAuto.com
101684,DDi.com
948,DealerTrackHoldings.com
465175,DeKalbMedical.com
23594,deltaapparelinc.com
5189,deltaco.net
4840,DeluxeEntertainment.com
14065,Denny.com
462609,DestinationMaternity.com
7365,diaego.com
3430,Digi-Key.com
17570,DimensionDevelopment.com
544368,dir.ca.gov
339735,DistributionInternational.com
28002,DixonHughes.com
27129,dlapaper.com
94767,DocuWareAG.com
18758,DolceInternational.com
5003,DoleFood.com
9349,Dover.com
3580,doverfluidmanagement.com
343689,DPTLaboratories.com
9356,DraegerSafety.com
936,dressbarn.com
2737,dswshoe.com
20934,DTZHoldings.com
465465,DycomIndustries.com
9399,DykemaGossett.com
28321,E.ONSE.com
41267,ecmddistribution.com
19963,Elbit.com
129370,EllucianCompany.com
14683,ElsevierB.V.com
154349,emanuelmedicalcenter.org
27732,EndoInternational.com
546991,EnduranceServices.com
546991,EnduranceSpecialty.com
462645,EnerSys.com
117604,Engility.com
27810,EnglandLogistics.com
26459,EnlinkMidstream.com
3768,EnterpriseRent-a-Car.com
542435,EnvisionHealthcare.com
542729,EnvivaLP.com
23724,EPCOSAG.com
5587,EpicorSoftware.com
9600,EPRProperties.com
3673,EquityResidential.com
113225,eResearchTechnology.com
9615,EricksonAir-Crane.com
1168,erie-insurance.com
333461,etechinc.com
480299,EtihadAirways.com
844,EvercorePartners.com
545840,EverestGroup.com
1030,eviCoreHealthcare.com
543659,EVINELive.com
15607,EvonikIndustries.com
457103,ExcelitasTechnologies.com
1707,Exelis.com
9667,ExlServiceHoldings.com
469614,experis.com
22585,ExpressJetAirlines.com
3781,ExpressScripts.com
5687,extremenetworks.de
20343,ezi.net
1957,FairPointCommunications.com
103752,falconplasticsinc.com
20133,FarmerJohnn.com
2456,FCCIInsurance.com
23572,FerraraCandy.com
332447,FiestaRestaurant.com
5211,first-american.com
5211,FirstAmerican.com
543795,firstchoicebanks.com
1917,firstcitizensnb.com
2863,firstgroup.com
2863,firstgroupplc.com
113045,FiveBelow.Inc.com
354641,FlatironConstruction.com
284041,Flexera.com
198906,FMBank.com
4291,fmcti.com
279311,FocusProducts.com
3047,FordMotor.com
15898,FortressInvestment.com
90654,fossilinc.com
535016,franksintl.com
9949,Freemancompany.com
20435,FreescaleSemiconductor.com
471634,FrieslandCampinaN.V.com
16983,FrischsRestaurants.com
4031,Frito-Lay.com
20600,FrontierCommunications.com
20895,futurestep.co.uk
465489,g4s.com
152679,GablesResidential.com
172536,GallagherBenefit.com
389233,Gelson.com
20323,Genentech.com
10058,GeneralInformation.com
3078,GeneralMotors.com
20323,genetech.com
465217,Georgia-Pacific.com
3699,ggp.com
1195,GlatfelterCompany.com
175260,global-imaging.com
2151,GlobalPayments.com
14762,globexplorer.com
148687,glock.us
16279,go.clarabridge.com
24214,GoldenSource.com
17402,GonnellaBaking.com
10150,GoodmanManufacturing.com
10191,GrayTelevision.com
26764,Great-WestLP.com
227904,GreektownCasino-Hotel.com
57466,GreenwichAssociates.com
24839,GreyHealthcare.com
311785,GrundfosGmbH.com
351671,GuarantyBancorp.com
3090,GuardianIndustries.com
156683,GulfstreamAerospace.com
14106,GuthyRenker.com
46463,HabasitAG.com
84505,hal.hitachi.com
63687,HalocarbonProducts.com
15716,HamonResearch-Cottrell.com
19156,hanes.com
471509,HarpoProductions.com
4778,HarrahsEntertainment.com
2422,HealthPlanServices.com
2719,hexionchem.com
10417,HighTowerSecurities.com
378549,HitachiAutomotive.com
4190,hkstrategies.com
152847,Hodges-Mace.com
10460,HolidayRetirement.com
59342,HollisterConstruction.com
18628,holnam.com
5034,HotTopicUSA.com
10531,HughesNetwork.com
546417,HuntingtonInsurance.com
3685,HuronConsulting.com
79400,HuxleyAssociates.com
21515,HydriteChemicals.com
618,iacgroup.com
26741,iconclinical.com
10583,IDCCompany.com
10589,IDEX.com
10591,IDEXXLaboratories.com
515490,iDirect.com
785,igatecorp.com
5574,IkanosCommunications.com
3779,InBev.com
1732,induslogic.com
189223,INGcompanies.com
1078,ingrammicro-europe.com
62767,innodata-isogen.com
5704,inphi-corp.com
5521,Instagram.com
406505,IntelenetGlobal.com
23413,IntellectualVentures.com
23268,InteractiveIntelligence.com
362287,InternationalDecision.com
486875,IntervalInternational.com
1842,Intrexon.com
419578,intusurg.com.
526,inventivhealthclinical.com
24122,InvestorsBancorp.com
19859,INVISTACompany.com
28356,IONGeophysical.com
471369,IPSCOTubulars.com
10775,Ipsos.com
1945,irco.com
22774,IrdetoB.V.com
367348,IsagenixInternational.com
26856,isleofcapricasino.com
406193,IUSDSchools.com
74308,iyogi.net
450899,jamco-america.com
1291,janney.com
20646,JazzPharmaceuticals.com
544176,JDSUniphase.com
24105,JennisonAssociates.com
968,JetBlueAirways.com
146158,JoernsHealthcare.com
3724,JohnDeere.com
124969,JonesNetworking.com
265750,jostens.com
2859,JournalMedia.com
366222,KahalaFranchising.com
69223,keane.com
471302,KeHEDistributors.com
10973,keminfoods.com
10975,KendallHuntPublishing.com
378446,Kennedy-Wilson.com
2778,KeyBank.com
202694,Kichlercompany.com
14418,kimballinternational.com
2663,kindredhealthcare.org
6375,KinrossGold.com
24591,KiscoSenior.com
133053,KlcknerPentaplast.com
4364,KochIndustries.com
543348,KraftFoods.com
4238,KratonPolymers.com
263089,Kraus-AndersonConstruction.com
11042,Krauter.com
37609,L.E.K.Consulting.com
2996,Landis+GyrAG.com
3325,LandOLakes.com
11093,LandorAssociates.com
5848,LatticeSemiconductor.com
125850,laureate.net
3405,LawrenceMerchandising.com
189604,LEDICManagement.com
24135,LeerinkPartners.com
13881,LeidosHolding.com
4964,lhh.com.au
100786,LifeMarkSecurities.com
2515,lifepointhealth.net
26999,LincolnProperty.com
461948,lindegroup.com
11200,lionsgate-ent.com
79989,LippincottMercer.com
367000,llnw.com
26037,LonzaGroup.com
16822,Louisiana-Pacific.com
228276,LSGInsurance.com
11264,LutronElectronics.com
24093,LyondellBasellIndustries.com
328747,M+WGroup.com
11287,MagnetarCapital.com
20338,MandarinOriental.com
16608,manhattanassociates.net
544174,MannKind.com
1693,ManTechInternational.com
6348,ManulifeFinancial.com
7310,MarkitGroup.com
11341,MartenTransport.com
470917,Martin-BrowerCompany.com
270651,MarvinCompanies.com
543374,MatchMarketing.com
474337,mavericktube.com
7016,Mazda.com
6796,mbmc.org
258042,McGoughCompanies.com
5586,McGrathRentCorp.com
27762,MCI.com
5079,mcmcg.com
542961,media-general.com
543497,medidatasolutions.com
223284,MediLodgeGroup.com
19530,Medxcel.com
19312,MeliHotels.com
17178,MenashaPackaging.com
5842,mentorg.com
27761,mercyhealthsystem.org
301568,MervisIndustries.com
4065,MichaelsStores.com
246575,Michels.com
196383,microelectronics.com
3985,MidFirstBank.com
19226,MiMedxGroup.com
118906,MindbankConsulting.com
78366,MindShare.com
13326,MinnesotaTwins.com
23260,MitchellInternational.com
278353,MizkanAmericas.com
20585,Mobiquity.com
14943,MomentumWorldwide.com
286964,Mondi.com
462685,MountaireFarms.com
27257,MSLGROUPcompanies.com
5482,mulesource.com
344224,MUYCompanies.com
132078,mwhc.com
340797,mydominos.com
2178,na.ko.com
11627,NaborsIndustries.com
26692,NANAManagement.com
4428,NationalInstruments.com
4066,NationstarMortgage.com
2739,NationwideInsurance.com
3604,NavistarInternational.com
20358,NektarTherapeutics.com
547026,neopost.com
18638,NetCrackerTechnology.com
11758,Netsmart.com
18902,NeubergerBerman.com
1480,NeuStar.com
14846,NewfieldExploration.com
25370,NexiusSolutions.com
21351,NexteerAutomotive.com
77889,ngkf.com
18091,NiagaraBottling.com
11719,nicklodeon.com
25897,NMIHoldings.com
26106,NovettaSolutions.com
385071,ntslabs.com
11768,NWN.com
11769,NxStageMedical.com
842,ny.frb.org
202887,OateyCompany.com
11787,Octagoncompany.com
16590,OcwenFinancial.com
3973,OGEENERGY.com
342511,ohmstede.net
80083,olshanproperties.com
774,omnicommediagroup.com
100,OneBeaconInsurance.com
4685,ONSemiconductor.com
1481,orbitalatk.com
20209,OrexigenTherapeutics.com
18684,otisworldwide.com
2748,Owens-Illinois.com
15052,PapaMurphy.com
13134,ParadiesShops.com
20938,ParadigmB.V.com
186330,ParadigmGroup.com
196558,ParkNational.com
545299,PCLConstruction.com
6144,pconnection.com
4975,PDI.com
4943,pelicanproducts.ca
184173,PemcoAviation.com
139270,PennEngineeringcompany.com
11950,PentonMedia.com
15288,PeoplesBank.com
14942,PepperHamilton.com
26437,PernodRicard.com
3122,PerrigoCompany.com
157853,pgatourhq.com
14376,PhilipMorris.com
382135,PhillipsIndustries.com
334857,PhysAssistScribes.com
24095,PilgrimsPride.com
188561,pilotcorp.com
545276,PIRCHCOMPANY.com
547326,PivotalLabs.com
290113,PlanetForward.com
3336,polarisind.com
214653,porterhealth.org
406860,ppbi.net
1984,PPD.com
545115,preshomes.org
2188,PRG-SchultzInternational.com
307273,privatebankandtrust.com
172452,pro-unlimited.com
207453,ProMach.com
1410,PromontoryFinancial.com
25603,PROSHoldings.com
462219,ProskauerRose.com
2488,ProtectiveLife.com
6960,protobase.com
6561,ProvidentBank.com
4753,prscholdings.com
12119,PUMAAG.com
18592,PyramidHotel.com
14910,QBEInsurance.com
12128,QuadGraphics.com
16177,QuakerChemical.com
23649,QualitrolCompany.com
327617,questgroupstaffing.com
12160,RacetracPetroleum.com
27268,radissonfargo.com
27998,RandLogistics.com
28147,RaptorPharmaceutical.com
354547,RCNTelecom.com
914,ReadersDigest.com
45142,redventures.net
2475,RegionsBank.com
15871,RelatedCompanies.com
77596,RelationshipScience.com
4026,Rent-A-Center.com
4707,republicservies.com
542842,RexelHoldings.com
14805,Rightside.com
14431,riotintoalcan.com
2431,rjf.com
247974,RoadrunnerTransportation.com
213796,RocheDiagnostics.com
2061,Rock-TennCompany.com
5749,RosendinElectric.com
12312,Rovi.com
25149,RubensteinAssociates.com
474675,RushEnterprises.com
241002,RykoSolutions.com
148720,S.P.Richards.com
167127,sabadellbank.com
19036,sait-gobain.com
292387,SammonsFinancial.com
12396,sanofi.us
141116,SapiensInternational.com
466998,SauderWoodworking.com
317388,SazeracCompany.com
12419,SBACommunications.com
4280,Schlumberger.com
2955,SchurzCommunications.com
542900,Schweitzer-MauduitInternational.com
32493,SCIEX.com
3553,searshc.com
152625,SecurAmerica.com
20279,select.com
1185,selectmedical.com
1926,sensus.us
2638,ServiceMasterGlobal.com
3644,SeyfarthShaw.com
18603,ShawmutDesign.com
516442,ShiseidoCo.com
79334,ShowtimeNetworks.com
393,Shred-it.com
149156,sidel.net
3760,Sigma-Aldrich.com
44015,SignodeIndustrial.com
59897,sikacorp.com
418701,silverspringnetworks.com
465512,SimplexGrinnellLP.com
12611,SironaDental.com
194734,SitusHoldings.com
212757,SmartITStaffing.com
25914,SNYDERS-LANCE.com
248546,SoftwareONEAG.com
12692,SolarWorldAG.com
542814,SoleraHoldings.com
25638,SolomonEdwardsGroup.com
3977,SonicDrive-In.com
547127,SoutheasternGrocers.com
12438,southerncaedison.com
4241,SouthwesternEnergy.com
2086,SouthwireCompany.com
6970,SpancreteIndustries.com
489,SpencerGifts.com
287843,SPiGlobal.com
12764,SpirentCommunications.com
24091,SpiritAeroSystems.com
11915,squirepattonboggs.com
366948,standardaero.com
16157,STARRRESTAURANTS.com
6916,StarzEncore.com
26498,stefanini-usa.com
625,stern.nyu.edu
86361,StrategicInsight.com
545424,StrayerEducation.com
180563,STSAviation.com
26937,SundtConstruction.com
112704,SunGardAvailability.com
198939,sunpharma.com
363,SunProducts.com
5694,SVBFinancial.com
2805,SwagelokCompany.com
12951,SwiftTransportation.com
16263,SwissportInternational.com
2223,SynovusFinancial.com
106260,syntec.carlisle.com
12981,syntel.com
14381,SysmexAmerica.com
12986,SystemOne.com
5807,T.Y.Lin.com
26938,TakedaPharmaceutical.com
14644,tandt.com
25541,TataConsultancy.com
17068,TaubmanCenters.com
554,teamaol.com
13039,TechnipCompany.com
70581,tekmark.com
27269,TempurPedicSealy.com
430969,TenCatecompany.com
92914,TerraHoldings.com
26199,TESARO.com
6295,Thales.com
5084,theactivenetwork.com
99944,TheBonadio.com
18123,TheConAm.com
104274,TheDeLallo.com
9684,TheExtensis.com
19469,TheFedeli.com
17327,TheHorton.com
152937,TheIntersect.com
429118,TheKelleher.com
15664,TheMaersk.com
20447,TheMcClatchy.com
56521,TheMcIntyre.com
12267,TheRightThing.com
221,ThermoElectron.com
12560,TheSheridan.com
499119,TheTrane.com
371632,TheWonderful.com
196393,Thirty-OneGifts.com
3371,ThriventFinancial.com
542550,ThyssenKruppAG.com
543420,Tilly.com
242201,TMCTransportation.com
13188,TMPWorldwide.com
11216,tomharrington.com
7322,ToyoTire.com
471387,TransistorDevices.com
19569,TriMas.com
17601,tronoxinc.com
27561,TRWAutomotive.com
3665,TTXCompany.com
13308,TurnberryAssociates.com
407454,tuttleclick.net
465512,TycoSimplexGrinnell.com
13350,U-haulCo.com
3359,U.S.Bank.com
13424,U.S.Cellular.com
24061,U.S.Steel.com
23756,U.S.Sugar.com
732,UBSPaineWebber.com
16409,ukropshomestylefoods.com
31529,ummhc.org
3514,UnderwritersLaboratories.com
462603,uniform.aramark.com
479317,uniliver.com
3904,UnionPacific.com
112933,UniversumCommunications.com
353,ur.com
1891,us.abb.com
546856,us.advancedtech.com
25959,us.am.joneslanglasalle.com
10937,us.kantarmedia.com
2748,us.o-i.com
392125,usa.lkk.com
545493,usa.redcross.org
270374,usapetro.com
13423,USATruck.com
465032,UTCAerospace.com
3052,Valassiscompanies.com
4357,ValeroEnergy.com
4221,VALICCOMPANY.com
1823,vauleoptions.com
544888,Ventas.com
418,VeriskAnalytics.com
27721,Veritiv.com
160,Vertex.com
3882,viachristi.org
19161,volvo.com
27191,VoyaFinancial.com
25348,VTGroup.com
1271,VWRInternational.com
24078,WackerChemie.com
6193,wadsworth.com
80316,waldorfastoria.hilton.com
25233,walkerinformation.com
228699,WebastoAG.com
471018,Weber-StephenProducts.com
18554,Welch.com
3388,welcometouhs.com
236,WellesleyCollege.com
401477,WellPoint.com
28373,WescoAircraft.com
462468,wescodist.com
475042,WesternRefining.com
543323,WeWorkCompanies.com
6833,WEX.com
5903,WeyerhaeuserCompany.com
3124,Whirlpool.com
22653,WhitingPetroleum.com
23615,WiltonIndustries.com
4143,WinsteadPC.com
139462,Winston-SalemIndustries.com
546422,WirtzBeverage.com
405494,WISInternational.com
21540,wmsgaming.com
4217,WoodforestFinancial.com
2343,WorldFuel.com
6950,wothingtonidustries.com
471536,WrigleyJr.com
476587,wylelabs.com
3145,X-Riteorporated.com
13811,YohServices.com
461857,yusen-logistics.com
338023,ZEPPELINGmbH.com
170377,ZimmermanAdvertising.com
18568,ZOLLMedical.com
