company_id,company_urls
469614,experis.us
547326,pivotal.io
547192,andersencorporation.com
547127,segrocers.com
547026,neopostusa.com
546991,endurance.bm
546991,endurance.bm
546856,advancedtech.com
546422,breakthrubev.com
546417,huntingtoninsurance.org
545908,automic.com
545840,everestgrp.com
545495,ctbcbankusa.com
545405,compassushealthcare.com
545276,pirch.com
545115,presbyterianhomes.org
544888,ventasreit.com
544345,collaborative.com
544214,bruker.com
544174,mannkindcorp.com
543659,evine.com
543449,colgatepalmolive.com
543374,matchmg.com
543323,wework.com
542961,mediageneral.com
542729,envivabiomass.com
542550,thyssenkrupp.com
542435,evhc.net
525099,brookfieldasset.com
520887,ca.endress.com
516442,shiseido.com
515490,telnetcommunications.com
497623,colorado.rockies.mlb.com
492482,cltsloyalty.com
486875,intervalworld.com
486782,clubmed.net
484014,bluegreengetaways.com
483284,bfsaul.com
480299,etihad.com
476587,wyle.com
475042,wnr.com
474675,rush-enterprises.com
474562,alvinisd.net
471634,frieslandcampina.com
471536,wrigley.com
471509,oprah.com
471387,veoliatransdev.com
471302,kehe.com
471018,weber.com
470917,martin-brower.com
470194,cherne.com
466998,sauder.com
465512,simplexgrinnell.com
465512,simplexgrinnell.com
465489,g4s.us
465465,dycomind.com
465217,gp.com
465175,dekalbmedical.org
465170,cdsna.com
462748,adventisthealthcare.com
462737,colfaxcorp.com
462648,brenntag.com
462645,enersysinc.com
462609,destinationmaternitycorp.com
462603,aramarkuniform.com
462468,wescointernational.com
462463,ampcopgh.com
457867,tbcia.com
457103,excelitas.com
436632,adventisthealth.org
434586,511tactical.com
431343,coherent.com
430969,tencate.com
429118,kelleher.com
427906,brg-expert.com
424425,assetmark.com
421736,bayeq.com
419578,intuitivesurgical.com
418701,silverspringnet.com
317388,sazerac.com
314293,carlsoncompany.com
311917,atitesting.com
311785,grundfos.com
309030,ascension.com
307273,privatebk-stl.com
301568,mervis.com
301417,busey.com
292387,sammonsfinancialgroup.com
290113,theplanetforward.com
287843,spi-global.com
286964,mondigroup.com
208406,axcess-financial.com
207453,promachinc.com
