First Name:Robert ,Title:Director- Information Security ,Company Website: www.1-800-Flowers.com ,Reason:Company websites donesn't exists in Company DB
First Name:Robert ,Title:Director of Information Security ,Company Website: www.1-800-Flowers.com ,Reason:Company websites donesn't exists in Company DB
First Name:Steve ,Title:Vice President - Information Security and Managed Services ,Company Website: www.Acesis.com ,Reason:Company websites donesn't exists in Company DB
First Name:Shari ,Title:Assistant Vice President - Information Security ,Company Website: www.ACT.com ,Reason:Company websites donesn't exists in Company DB
First Name:Cathy ,Title:Chief Information Security Officer ,Company Website: www.american.edu ,Reason:Company websites donesn't exists in Company DB
First Name:Eric ,Title:Director - Information Security ,Company Website: www.american.edu ,Reason:Company websites donesn't exists in Company DB
First Name:Janice ,Title:Vice President - Project Manager and Information Security ,Company Website: www.BankPlus.com ,Reason:Company websites donesn't exists in Company DB
First Name:George ,Title:Vice President - Information Security Officer ,Company Website: www.bbva.es ,Reason:Company websites donesn't exists in Company DB
First Name:Maria ,Title:Director - Information Technology Risk - Fraud and Security ,Company Website: www.bbva.es ,Reason:Company websites donesn't exists in Company DB
First Name:Julio ,Title:Cib Chief Information Security Officer ,Company Website: www.bbva.es ,Reason:Company websites donesn't exists in Company DB
First Name:Peter ,Title:Information Technology Security Director ,Company Website: www.bea.com ,Reason:Company websites donesn't exists in Company DB
First Name:Willie ,Title:Vice President and Chief Information Security Officer ,Company Website: www.bobsumereltire.com ,Reason:Company websites donesn't exists in Company DB
First Name:Mark ,Title:Vice President and Chief Information Security Officer ,Company Website: www.bobsumereltire.com ,Reason:Company websites donesn't exists in Company DB
First Name:Shantanu ,Title:Vice President and Chief Information Security Officer ,Company Website: www.bobsumereltire.com ,Reason:Company websites donesn't exists in Company DB
First Name:Steven ,Title:Vice President - Information Security ,Company Website: www.bokf.com ,Reason:Company websites donesn't exists in Company DB
First Name:Danny ,Title:Vice President | Information Security Risk Consultant ,Company Website: www.bokf.com ,Reason:Company websites donesn't exists in Company DB
First Name:Lloyd ,Title:Vice President - Information Security Architect ,Company Website: www.bokf.com ,Reason:Company websites donesn't exists in Company DB
First Name:Gregory ,Title:Vice President - Manager - Information Security Risk Management ,Company Website: www.bokf.com ,Reason:Company websites donesn't exists in Company DB
First Name:Rusty ,Title:Senior Project Director Information Technology Security ,Company Website: www.bokf.com ,Reason:Company websites donesn't exists in Company DB
First Name:Kristy ,Title:Assistant Vice President Information Security Training Specialist ,Company Website: www.bokf.com ,Reason:Company websites donesn't exists in Company DB
First Name:John ,Title:Vice President Information Security Relationship Management ,Company Website: www.bokf.com ,Reason:Company websites donesn't exists in Company DB
First Name:James ,Title:Director Of Information Security-bank Of Oklahoma ,Company Website: www.bokf.com ,Reason:Company websites donesn't exists in Company DB
First Name:Kathryn ,Title:Senior Vice President - Information Security Relationship Management ,Company Website: www.bokf.com ,Reason:Company websites donesn't exists in Company DB
First Name:David ,Title:Chief Information Security Officer ,Company Website: www.bokf.com ,Reason:Company websites donesn't exists in Company DB
First Name:James ,Title:Senior Information Security Engineer - Vice President ,Company Website: www.bokf.com ,Reason:Company websites donesn't exists in Company DB
First Name:Eric ,Title:Chief Information Security Officer ,Company Website: www.bucknell.edu ,Reason:Company websites donesn't exists in Company DB
First Name:Chris ,Title:Chief Information Security Officer ,Company Website: www.bucknell.edu ,Reason:Company websites donesn't exists in Company DB
First Name:Kamal ,Title:Chief Information Officer/Chief Technology Officer/Chief Security Officer ,Company Website: www.EMW.com ,Reason:Company websites donesn't exists in Company DB
First Name:Patty ,Title:Director - Information Technology Security and Compliance ,Company Website: www.Fragomen.com ,Reason:Company websites donesn't exists in Company DB
First Name:David ,Title:Director - Information Technology Security and Compliance ,Company Website: www.Fragomen.com ,Reason:Company websites donesn't exists in Company DB
First Name:Ramin ,Title:Managing Director Chief Information Security Officer ,Company Website: www.jefferies.com ,Reason:Company websites donesn't exists in Company DB
First Name:Maxwell ,Title:Director of Information Security ,Company Website: www.mge.com ,Reason:Company websites donesn't exists in Company DB
First Name:Daniel ,Title:Research Director - Information Security and Network Practices ,Company Website: www.TheInfoPro.com ,Reason:Company websites donesn't exists in Company DB
First Name:Thomas ,Title:840.Director - Cyber Security Intelligence ,Company Website: www.VeriSign.com ,Reason:Company websites donesn't exists in Company DB
First Name:Michael ,Title:Director of Information Security ,Company Website: www.VeriSign.com ,Reason:Company websites donesn't exists in Company DB
First Name:Francis ,Title:Chief Information Security Officer ,Company Website: www.Zenacomp.com ,Reason:Company websites donesn't exists in Company DB
First Name:Alex ,Title:Technical Director - Cyber Security Programs - Ultra Electronics ,Company Website: www.3eTI.com ,Reason:Company websites donesn't exists in Company DB
First Name:Elaine ,Title:Vice President - Information Security Officer ,Company Website: www.abnamroclearing.com ,Reason:Company websites donesn't exists in Company DB
First Name:Amit ,Title:Senior Director - Cyber Security Services ,Company Website: www.Accolite.com ,Reason:Company websites donesn't exists in Company DB
First Name:Amine ,Title:Chief Executive Officer and Cyber Intelligence and Security Strategic Advisor ,Company Website: www.Acelium.com ,Reason:Company websites donesn't exists in Company DB
First Name:Randy ,Title:Information Security Director ,Company Website: www.Acendas.com ,Reason:Company websites donesn't exists in Company DB
First Name:Michael ,Title:Chief Information Officer/Chief Information Security Officer ,Company Website: www.ADC.com ,Reason:Company websites donesn't exists in Company DB
First Name:Tom ,Title:Director Information Security ,Company Website: www.AiPAC.com ,Reason:Company websites donesn't exists in Company DB
First Name:Konstantinos ,Title:Information Technology Director - Operations and Security ,Company Website: www.AIRFASTTICKETS.com ,Reason:Company websites donesn't exists in Company DB
First Name:Calvin ,Title:Chief Information Security Officer ,Company Website: www.airforce.com ,Reason:Company websites donesn't exists in Company DB
First Name:Daniel ,Title:Chief Information Security Officer ,Company Website: www.airforce.com ,Reason:Company websites donesn't exists in Company DB
First Name:Ronald ,Title:Superintendent - Special Projects - Information Systems and Security ,Company Website: www.airforce.com ,Reason:Company websites donesn't exists in Company DB
First Name:Charles ,Title:Director of Information Security ,Company Website: www.Al-Anon.com ,Reason:Company websites donesn't exists in Company DB
First Name:Jack ,Title:Senior Director of Information Technology and Information Security ,Company Website: www.Algenol.com ,Reason:Company websites donesn't exists in Company DB
First Name:Joseph ,Title:Vice President - Us Information Security Officer ,Company Website: www.allianzgi.com ,Reason:Company websites donesn't exists in Company DB
First Name:Jonathan ,Title:Vice President - Information Security Manager ,Company Website: www.allianzgi.com ,Reason:Company websites donesn't exists in Company DB
First Name:Joseph ,Title:Chief Information Security Officer Director - Information Technology Security and Compliance ,Company Website: www.Ann.com ,Reason:Company websites donesn't exists in Company DB
First Name:Mike ,Title:Director - Information Security ,Company Website: www.apd.com ,Reason:Company websites donesn't exists in Company DB
First Name:Sunil ,Title:Director Portfolio Program Management and Information Security ,Company Website: www.apd.com ,Reason:Company websites donesn't exists in Company DB
First Name:Brian ,Title:Director - Information Security and Engineering ,Company Website: www.apd.com ,Reason:Company websites donesn't exists in Company DB
First Name:Kirk ,Title:Director - Service Delivery and Information Security Manager ,Company Website: www.Apparatus.com ,Reason:Company websites donesn't exists in Company DB
First Name:Sallie ,Title:PMP and Chief Information Security Officer ,Company Website: www.Apprio.com ,Reason:Company websites donesn't exists in Company DB
First Name:Ray ,Title:Chief Information Security Officer ,Company Website: www.Aptos.com ,Reason:Company websites donesn't exists in Company DB
First Name:Greg ,Title:Director Information Systems and Data Security Operations at Araxid ,Company Website: www.Araxid.com ,Reason:Company websites donesn't exists in Company DB
First Name:Rob ,Title:Vice President/Chief Information Security Officer ,Company Website: www.AshBitt.com ,Reason:Company websites donesn't exists in Company DB
First Name:Vijay ,Title:Assistant Vice President of Information Security ,Company Website: www.astoriabank.com ,Reason:Company websites donesn't exists in Company DB
First Name:John ,Title:Assistant Vice President - Manager of Information Security and Business Resumption Planning ,Company Website: www.astoriabank.com ,Reason:Company websites donesn't exists in Company DB
First Name:Steven ,Title:Director of Information Security ,Company Website: www.astoriabank.com ,Reason:Company websites donesn't exists in Company DB
First Name:Arthur ,Title:Director - Information Technology and Cyber Security Delivery Bds Nao North America Operations ,Company Website: www.Atos.com ,Reason:Company websites donesn't exists in Company DB
First Name:Eugene ,Title:Director - Information Security ,Company Website: www.auth0.com ,Reason:Company websites donesn't exists in Company DB
First Name:Paige ,Title:Director Information Security and HIPAA Compliance ,Company Website: www.avazgroupllc.com ,Reason:Company websites donesn't exists in Company DB
First Name:Mike ,Title:Information Security Officer - Director of Network Administration and Telecomunication ,Company Website: www.aveandbusters.com ,Reason:Company websites donesn't exists in Company DB
First Name:Jenny ,Title:Director Global Information Security Risk and Control ,Company Website: www.barcap.com ,Reason:Company websites donesn't exists in Company DB
First Name:Quiessence ,Title:Assistant Vice President - Information Security - Incident Response ,Company Website: www.barcap.com ,Reason:Company websites donesn't exists in Company DB
First Name:Ian ,Title:Director Outreach and Awareness Global Information Security ,Company Website: www.barcap.com ,Reason:Company websites donesn't exists in Company DB
First Name:Dmitri ,Title:Head of Mainframe Support Gis Global Information Security ,Company Website: www.barcap.com ,Reason:Company websites donesn't exists in Company DB
First Name:Richard ,Title:Director Information Technology Security ,Company Website: www.barcap.com ,Reason:Company websites donesn't exists in Company DB
First Name:Jason ,Title:Assistant Vice President Information Security Incident Response ,Company Website: www.barclaysus.com ,Reason:Company websites donesn't exists in Company DB
First Name:Jeffrey ,Title:Associate Director - Information Security ,Company Website: www.barclaysus.com ,Reason:Company websites donesn't exists in Company DB
First Name:Elena ,Title:Head of Global Information Security Strategy and Implementation ,Company Website: www.barclaysus.com ,Reason:Company websites donesn't exists in Company DB
First Name:Seth ,Title:Head of Global Information Security ,Company Website: www.Beam.com ,Reason:Company websites donesn't exists in Company DB
First Name:John ,Title:Director of Information Technology Infrastructure and Security ,Company Website: www.bellandhowell.com ,Reason:Company websites donesn't exists in Company DB
First Name:Vikas ,Title:Vice President of Information Security ,Company Website: www.bessemertrust.com ,Reason:Company websites donesn't exists in Company DB
First Name:Noah ,Title:Assistant Vice President - Information Security Analyst ,Company Website: www.bessemertrust.com ,Reason:Company websites donesn't exists in Company DB
First Name:Tarak ,Title:Vice President ,Company Website: www.bessemertrust.com ,Reason:Company websites donesn't exists in Company DB
First Name:Tim ,Title:Information Security Manager - Chief Information Security Officer ,Company Website: www.bhpbilliton.com ,Reason:Company websites donesn't exists in Company DB
First Name:Amir ,Title:Director - Information Technology Global Infrastructure and Security ,Company Website: www.Biovia.com ,Reason:Company websites donesn't exists in Company DB
First Name:Conrad ,Title:Chief Information Security Officer ,Company Website: www.BITIUM.com ,Reason:Company websites donesn't exists in Company DB
First Name:Cindi ,Title:Director - Information Security ,Company Website: www.bluekc.com ,Reason:Company websites donesn't exists in Company DB
First Name:Yaron ,Title:Chief Information Security Officer ,Company Website: www.bluekc.com ,Reason:Company websites donesn't exists in Company DB
First Name:David ,Title:Chief Information Security Officer ,Company Website: www.bluekc.com ,Reason:Company websites donesn't exists in Company DB
First Name:Nic ,Title:Chief Information Security Officer ,Company Website: www.brevanhoward.com ,Reason:Company websites donesn't exists in Company DB
First Name:Joshua ,Title:Chief Security Officer and Director of Information Technology Infrastructure ,Company Website: www.Bunn-O-Matic.com ,Reason:Company websites donesn't exists in Company DB
First Name:Eric ,Title:Director of Information Security ,Company Website: www.ceridian.com ,Reason:Company websites donesn't exists in Company DB
First Name:Miles ,Title:Vice President of Information Technology Security ,Company Website: www.ceridian.com ,Reason:Company websites donesn't exists in Company DB
First Name:Chelsey ,Title:Vice President of Information Security/Chief Information Security Officer ,Company Website: www.ceridian.com ,Reason:Company websites donesn't exists in Company DB
First Name:Cyril ,Title:Chief Information Security Officer ,Company Website: www.Cicayda.com ,Reason:Company websites donesn't exists in Company DB
First Name:Ana ,Title:Vice President ,Company Website: www.CitiStreet.com ,Reason:Company websites donesn't exists in Company DB
First Name:Pamela ,Title:Chief Information Security Officer ,Company Website: www.CitiStreet.com ,Reason:Company websites donesn't exists in Company DB
First Name:Yogesh ,Title:Associate Director - Information Security - Risk and Governance ,Company Website: www.CLSA.com ,Reason:Company websites donesn't exists in Company DB
First Name:Charles ,Title:Head of Information Technology - CISO ,Company Website: www.CLSA.com ,Reason:Company websites donesn't exists in Company DB
First Name:Charles ,Title:Chief Information Security Officer ,Company Website: www.CompSec.com ,Reason:Company websites donesn't exists in Company DB
First Name:Jim ,Title:Chief Information Security Officer ,Company Website: www.conagra.com ,Reason:Company websites donesn't exists in Company DB
First Name:Kevin ,Title:Chief Information Security Officer ,Company Website: www.conagra.com ,Reason:Company websites donesn't exists in Company DB
First Name:Rex ,Title:Chief Information Security Officer and Executive Vice President Technical Operations ,Company Website: www.Convercent.com ,Reason:Company websites donesn't exists in Company DB
First Name:Mark ,Title:Director of Information Security ,Company Website: www.CoverMyMeds.com ,Reason:Company websites donesn't exists in Company DB
First Name:Michael ,Title:Chief Information Officer - Chief Information Security Officer ,Company Website: www.Credorax.com ,Reason:Company websites donesn't exists in Company DB
First Name:Dalia ,Title:Director of Human Security - Information Security ,Company Website: www.dandb.com ,Reason:Company websites donesn't exists in Company DB
First Name:Manuel ,Title:Information Technology and Security Director ,Company Website: www.Datapro.com ,Reason:Company websites donesn't exists in Company DB
First Name:Hans ,Title:Director of Information Security and Architecture ,Company Website: www.dialog-direct.com ,Reason:Company websites donesn't exists in Company DB
First Name:Wallace ,Title:Chief Information Security Officer ,Company Website: www.dialog-direct.com ,Reason:Company websites donesn't exists in Company DB
First Name:Kevin ,Title:Director - Information Security ,Company Website: www.dialog-direct.com ,Reason:Company websites donesn't exists in Company DB
First Name:Sasikiran ,Title:Chief Information Security Officer ,Company Website: www.doj.gov ,Reason:Company websites donesn't exists in Company DB
First Name:Kevin ,Title:Chief Information and Data Security Officer ,Company Website: www.doj.gov ,Reason:Company websites donesn't exists in Company DB
First Name:Trent ,Title:Chief Technology Officer/Chief Information Security Officer ,Company Website: www.doj.gov ,Reason:Company websites donesn't exists in Company DB
First Name:Gregory ,Title:Chief Information Security Officer ,Company Website: www.doj.gov ,Reason:Company websites donesn't exists in Company DB
First Name:Melinda ,Title:Chief Information Security Officer - Justice Management Division ,Company Website: www.doj.gov ,Reason:Company websites donesn't exists in Company DB
First Name:Fabio ,Title:Chief Information Security Officer ,Company Website: www.Doxee.com ,Reason:Company websites donesn't exists in Company DB
First Name:Jace ,Title:Director Information Technology Security and Physical ,Company Website: www.Duphil.com ,Reason:Company websites donesn't exists in Company DB
First Name:Kamran ,Title:Head of Information Security and Risk ,Company Website: www.Dutech.com ,Reason:Company websites donesn't exists in Company DB
First Name:Aj ,Title:Chief Information Security Officer and Director - Information Services ,Company Website: www.EDIMS.com ,Reason:Company websites donesn't exists in Company DB
First Name:Todd ,Title:Director of Information Security and Privacy ,Company Website: www.EisnerAmper.com ,Reason:Company websites donesn't exists in Company DB
First Name:Stephen ,Title:Senior Cybersecurity Consultant (Air Force SAF Chief Information Officer A6) ,Company Website: www.eit2.com ,Reason:Company websites donesn't exists in Company DB
First Name:Martin ,Title:Director - Federal Cloud Security and Information Technology Risk Management ,Company Website: www.eit2.com ,Reason:Company websites donesn't exists in Company DB
First Name:Rich ,Title:Chief Information Officer and Chief Security Officer ,Company Website: www.Elemetal.com ,Reason:Company websites donesn't exists in Company DB
First Name:Mike ,Title:Information Security Director ,Company Website: www.EncoreTech.com ,Reason:Company websites donesn't exists in Company DB
First Name:Nevin ,Title:Director of Information Officer/Chief Technology Officer/Chief Security Officer ,Company Website: www.EngineInternet.com ,Reason:Company websites donesn't exists in Company DB
First Name:Alan ,Title:Chief Information Officer/Chief Technology Officer/Chief Security Officer ,Company Website: www.ePayData.com ,Reason:Company websites donesn't exists in Company DB
First Name:Emmanuel ,Title:Deputy Director for Information Security ,Company Website: www.ePerformax.com ,Reason:Company websites donesn't exists in Company DB
First Name:Alain ,Title:Chief Executive Officer/Co-Founder/Chief Information Security Officer ,Company Website: www.eTechSecurity.com ,Reason:Company websites donesn't exists in Company DB
First Name:Renia ,Title:Vice President - Director Information Security ,Company Website: www.ExtendMedia.com ,Reason:Company websites donesn't exists in Company DB
First Name:Chuck ,Title:Chief Information Officer and Ciso - Senior Vice President ,Company Website: www.firstnational.com ,Reason:Company websites donesn't exists in Company DB
First Name:Tammy ,Title:Senior Vice President and Head Cashier and Master Security Officer and Information Technology ,Company Website: www.firstnational.com ,Reason:Company websites donesn't exists in Company DB
First Name:Tucker ,Title:Chief Information Officer/Chief Information Security Officer ,Company Website: www.Fiverco.com ,Reason:Company websites donesn't exists in Company DB
First Name:Tim ,Title:Director of Information Technology and Cyber Security ,Company Website: www.Gatesman+Dave.com ,Reason:Company websites donesn't exists in Company DB
First Name:JT ,Title:Senior Director Information Security ,Company Website: www.GCG.com ,Reason:Company websites donesn't exists in Company DB
First Name:Manoj ,Title:Co-founder and Senior Information Security Con ,Company Website: www.Gensecure.com ,Reason:Company websites donesn't exists in Company DB
First Name:Robert ,Title:Director of Information Security ,Company Website: www.Ghostery.com ,Reason:Company websites donesn't exists in Company DB
First Name:Donald ,Title:Vice President-specialist-information Security Engineer ,Company Website: www.GKN.com ,Reason:Company websites donesn't exists in Company DB
First Name:Donald ,Title:Chief Information Officer/Chief Technology Officer/Chief Security Officer ,Company Website: www.H3SYSTEMS.COM ,Reason:Company websites donesn't exists in Company DB
First Name:Amir ,Title:Chief Information Security Officer ,Company Website: www.Haufe.com ,Reason:Company websites donesn't exists in Company DB
First Name:Anuj ,Title:Director - Information Security ,Company Website: www.HCL.com ,Reason:Company websites donesn't exists in Company DB
First Name:Matthew ,Title:Chief Information Security Officer ,Company Website: www.Healthix.com ,Reason:Company websites donesn't exists in Company DB
First Name:Faith ,Title:Assistant Vice President and Information Security Officer ,Company Website: www.HeritageBank.com ,Reason:Company websites donesn't exists in Company DB
First Name:Michael ,Title:Corporate Information Technology Director Network and Security ,Company Website: www.Highgate.com ,Reason:Company websites donesn't exists in Company DB
First Name:Mike ,Title:Chief Information Officer/Chief Technology Officer/Chief Security Officer ,Company Website: www.hstg.com ,Reason:Company websites donesn't exists in Company DB
First Name:Terry ,Title:Vice President Information Security and Compliance ,Company Website: www.i2c.com ,Reason:Company websites donesn't exists in Company DB
First Name:John ,Title:Director of Information Security ,Company Website: www.Illumio.com ,Reason:Company websites donesn't exists in Company DB
First Name:Nathaniel ,Title:Head of Cybersecurity Strategy ,Company Website: www.Illumio.com ,Reason:Company websites donesn't exists in Company DB
First Name:Herman ,Title:Chief Information Security Officer ,Company Website: www.InDyne.com ,Reason:Company websites donesn't exists in Company DB
First Name:Christian ,Title:Chief Information Security Officer ,Company Website: www.INFOARMOR.com ,Reason:Company websites donesn't exists in Company DB
First Name:Abhijit ,Title:Manager Information Technology ,Company Website: www.InfoCepts.com ,Reason:Company websites donesn't exists in Company DB
First Name:Jason ,Title:Information Technology Management Chief Information Officer Chief Technology Officer Chief Security Officer ,Company Website: www.Infonaligy.com ,Reason:Company websites donesn't exists in Company DB
First Name:Roger ,Title:Chief Information Security Officer ,Company Website: www.Inkling.com ,Reason:Company websites donesn't exists in Company DB
First Name:Jeremy ,Title:Director of Information Security ,Company Website: www.INNO4.com ,Reason:Company websites donesn't exists in Company DB
First Name:Justin ,Title:Vice President of Information Technology and Security ,Company Website: www.Inseption.com ,Reason:Company websites donesn't exists in Company DB
First Name:Mehan ,Title:Director - Information Security ,Company Website: www.InterActiveCorp.com ,Reason:Company websites donesn't exists in Company DB
First Name:Joshua ,Title:Chief Information Security Officer ,Company Website: www.InterActiveCorp.com ,Reason:Company websites donesn't exists in Company DB
First Name:Richard ,Title:Chief Information Officer and Security Officer ,Company Website: www.IPRO.com ,Reason:Company websites donesn't exists in Company DB
First Name:Ajay ,Title:Project Manager and Chief Information Security Officer ,Company Website: www.ITCube.com ,Reason:Company websites donesn't exists in Company DB
First Name:David ,Title:Chief Information Security Officer/Information Technology Director ,Company Website: www.Itelligence.com ,Reason:Company websites donesn't exists in Company DB
First Name:Eric ,Title:Chief Information Security Officer ,Company Website: www.Itp.com ,Reason:Company websites donesn't exists in Company DB
First Name:Salahuddin ,Title:Head of Information Security and Compliance ,Company Website: www.jasper.com ,Reason:Company websites donesn't exists in Company DB
First Name:Tom ,Title:Information Security Director ,Company Website: www.jasper.com ,Reason:Company websites donesn't exists in Company DB
First Name:Eric ,Title:Director - Information Systems and Security ,Company Website: www.JurInnov.com ,Reason:Company websites donesn't exists in Company DB
First Name:Chris ,Title:Director of Information Technology Operations and Security ,Company Website: www.K2Share.com ,Reason:Company websites donesn't exists in Company DB
First Name:Stephen ,Title:Chief Information Officer/Chief Technology Officer/Chief Security Officer ,Company Website: www.Kazmania.com ,Reason:Company websites donesn't exists in Company DB
First Name:Jennifer ,Title:Director Information Security ,Company Website: www.KCBI-FM.com ,Reason:Company websites donesn't exists in Company DB
First Name:Robert ,Title:Chief Information Security Officer ,Company Website: www.keycorp.com ,Reason:Company websites donesn't exists in Company DB
First Name:Amanda ,Title:Vice President - Risk and Information Security Controls Manager ,Company Website: www.keycorp.com ,Reason:Company websites donesn't exists in Company DB
First Name:Steve ,Title:Vice President - Risk Information Security and Control Officer and Compliance Analyst ,Company Website: www.keycorp.com ,Reason:Company websites donesn't exists in Company DB
First Name:Dhanesh ,Title:Vice President - Information Security Senior Manager - Security Architecture ,Company Website: www.keycorp.com ,Reason:Company websites donesn't exists in Company DB
First Name:Allison ,Title:Vice President Information Security ,Company Website: www.keycorp.com ,Reason:Company websites donesn't exists in Company DB
First Name:Shamus ,Title:Senior Vice President Manager Risk Review - Information Security ,Company Website: www.keycorp.com ,Reason:Company websites donesn't exists in Company DB
First Name:Paul ,Title:Director Information Technology Security ,Company Website: www.keystonefirstpa.com ,Reason:Company websites donesn't exists in Company DB
First Name:Jane ,Title:Director Information Systems Clinical Systems Security ,Company Website: www.keystonefirstpa.com ,Reason:Company websites donesn't exists in Company DB
First Name:Lorraine ,Title:Information Systems Director Security Healthcare Applications ,Company Website: www.keystonefirstpa.com ,Reason:Company websites donesn't exists in Company DB
First Name:Addie ,Title:Director Information Systems Security ,Company Website: www.keystonefirstpa.com ,Reason:Company websites donesn't exists in Company DB
First Name:Christopher ,Title:Director - Information Security ,Company Website: www.kimball.com ,Reason:Company websites donesn't exists in Company DB
First Name:Larry ,Title:Director Information Security and Network Operations ,Company Website: www.kimballelectronics.com ,Reason:Company websites donesn't exists in Company DB
First Name:Vijay ,Title:Information Technology Chief Information Officer - Chief Technology Officer - Chief Security Officer ,Company Website: www.ksf.org ,Reason:Company websites donesn't exists in Company DB
First Name:Marc ,Title:Chief Information Security Officer ,Company Website: www.LabOne.com ,Reason:Company websites donesn't exists in Company DB
First Name:Dan ,Title:Vice President - Risk and Information Security Officer ,Company Website: www.legacytexastitle.com ,Reason:Company websites donesn't exists in Company DB
First Name:Larry ,Title:Director of Information Technology Risk and Data Security ,Company Website: www.legacytexastitle.com ,Reason:Company websites donesn't exists in Company DB
First Name:David ,Title:Vice President - Information Technology Security and Regulartory Compliance ,Company Website: www.Loomis.com ,Reason:Company websites donesn't exists in Company DB
First Name:Steven ,Title:Associate Director - Information Security and Support ,Company Website: www.LRGHealthcare.com ,Reason:Company websites donesn't exists in Company DB
First Name:Erin ,Title:Chief Information Officer and Chief Technology Officer and Chief Security Officer ,Company Website: www.Madewell.com ,Reason:Company websites donesn't exists in Company DB
First Name:Kalyan ,Title:Chief Information Security Officer (CISO) ,Company Website: www.MagnaQuest.com ,Reason:Company websites donesn't exists in Company DB
First Name:Susan ,Title:Vice President Information Security (GRC - IAM - SIEM - Biometric Practices) ,Company Website: www.MagnaQuest.com ,Reason:Company websites donesn't exists in Company DB
First Name:Barb ,Title:Director - Information Technology Privacy and Security ,Company Website: www.MaineHealth.com ,Reason:Company websites donesn't exists in Company DB
First Name:George ,Title:Director of Cybersecurity and Infrastructure Protection Programs ,Company Website: www.MAR.com ,Reason:Company websites donesn't exists in Company DB
First Name:Trenton ,Title:Director of Information Security ,Company Website: www.MaritzCX.com ,Reason:Company websites donesn't exists in Company DB
First Name:Sagi ,Title:Chief Security Officer and Corporate It Manager ,Company Website: www.Market.com ,Reason:Company websites donesn't exists in Company DB
First Name:Keith ,Title:Vice President Information Security ,Company Website: www.markit.com ,Reason:Company websites donesn't exists in Company DB
First Name:Lavander ,Title:Assistant Vice President - Information Security ,Company Website: www.Markit.com ,Reason:Company websites donesn't exists in Company DB
First Name:Royce ,Title:Vice President Information Security ,Company Website: www.Markit.com ,Reason:Company websites donesn't exists in Company DB
First Name:Felipe ,Title:Vice President of Information Security ,Company Website: www.markit.com ,Reason:Company websites donesn't exists in Company DB
First Name:Paul ,Title:Chief Information Officer and Chief Technology Officer and Chief Security Officer ,Company Website: www.McMaster-Carr.com ,Reason:Company websites donesn't exists in Company DB
First Name:Ritch ,Title:Chief Information Officer and Chief Technology Officer and Chief Security Officer ,Company Website: www.MHW.com ,Reason:Company websites donesn't exists in Company DB
First Name:Michael ,Title:Interim Chief Information Officer and CISO ,Company Website: www.MINDBODY.com ,Reason:Company websites donesn't exists in Company DB
First Name:Janis ,Title:Director Information Security ,Company Website: www.MOGL.com ,Reason:Company websites donesn't exists in Company DB
First Name:Hamilton ,Title:Information Security Director ,Company Website: www.Moneytree.com ,Reason:Company websites donesn't exists in Company DB
First Name:Edmund ,Title:Director Information Security Operations ,Company Website: www.MTA.com ,Reason:Company websites donesn't exists in Company DB
First Name:David ,Title:Deputy Chief Information Security Officer ,Company Website: www.MTA.com ,Reason:Company websites donesn't exists in Company DB
First Name:Andrew ,Title:Chief Information Officer/Chief Technology Officer/Chief Security Officer ,Company Website: www.MTEC.com ,Reason:Company websites donesn't exists in Company DB
First Name:Mike ,Title:Chief Information Officer/Chief Technology Officer/Chief Security Officer ,Company Website: www.MYNetWiz.com ,Reason:Company websites donesn't exists in Company DB
First Name:Thomas ,Title:Vice President Chief Information Security Officer - Technology and Engineering Operations ,Company Website: www.NaviNet.com ,Reason:Company websites donesn't exists in Company DB
First Name:Andrew ,Title:Global Chief Information Security Officer ,Company Website: www.nttcomsecurity.com ,Reason:Company websites donesn't exists in Company DB
First Name:Mick ,Title:Director - Information Security Consulting ,Company Website: www.nttcomsecurity.com ,Reason:Company websites donesn't exists in Company DB
First Name:Eliot ,Title:Director - Information Security ,Company Website: www.nttcomsecurity.com ,Reason:Company websites donesn't exists in Company DB
First Name:John ,Title:Chief Information Security Officer and Senior Security Strategist ,Company Website: www.nttcomsecurity.com ,Reason:Company websites donesn't exists in Company DB
First Name:John ,Title:Global Chief Information Security Officer ,Company Website: www.nttcomsecurity.com ,Reason:Company websites donesn't exists in Company DB
First Name:Alberto ,Title:Director of Enterprise Security and CISO ,Company Website: www.nyt.com ,Reason:Company websites donesn't exists in Company DB
First Name:Runa ,Title:Director - Information Security Newsroom ,Company Website: www.nyt.com ,Reason:Company websites donesn't exists in Company DB
First Name:Richard ,Title:Chief Information Security Officer ,Company Website: www.ode.state.or.us ,Reason:Company websites donesn't exists in Company DB
First Name:Michael ,Title:Vice President - Chief Information Security Officer ,Company Website: www.OpenLink.com ,Reason:Company websites donesn't exists in Company DB
First Name:Jason ,Title:Director Information Technology - Global Wan and Security ,Company Website: www.OpenLink.com ,Reason:Company websites donesn't exists in Company DB
First Name:Tyson ,Title:Head of Security (Cyber and Corporate Security) ,Company Website: www.Oportun.com ,Reason:Company websites donesn't exists in Company DB
First Name:Idan ,Title:Director of Information Technology System and Security ,Company Website: www.Optimal+.com ,Reason:Company websites donesn't exists in Company DB
First Name:Steve ,Title:Director Information Security ,Company Website: www.OptumRx.com ,Reason:Company websites donesn't exists in Company DB
First Name:Przemyslaw ,Title:Chief Information Security Officer ,Company Website: www.Orange.com ,Reason:Company websites donesn't exists in Company DB
First Name:Krzysztof ,Title:Vice President - Enterprise Risk and Security and Chief Information Security Officer ,Company Website: www.Orange.com ,Reason:Company websites donesn't exists in Company DB
First Name:Todd ,Title:Director of Information Security ,Company Website: www.PayNet.com ,Reason:Company websites donesn't exists in Company DB
First Name:Kwame ,Title:Senior Security Engineervulnerability Management/Office of Chief Information Officer ,Company Website: www.Peace.com ,Reason:Company websites donesn't exists in Company DB
First Name:Tomer ,Title:Chief Information Security Officer and Head of Information Technology Operation ,Company Website: www.Pepperi.com ,Reason:Company websites donesn't exists in Company DB
First Name:Tunde ,Title:Director - Information Security ,Company Website: www.perduefarms.com ,Reason:Company websites donesn't exists in Company DB
First Name:Damian ,Title:CISO (Chief Information Security Officer) ,Company Website: www.PostFinance.com ,Reason:Company websites donesn't exists in Company DB
First Name:Fred ,Title:Director - Information Security ,Company Website: www.Precyse.com ,Reason:Company websites donesn't exists in Company DB
First Name:John ,Title:Director Information Security ,Company Website: www.Premier.com ,Reason:Company websites donesn't exists in Company DB
First Name:Paul ,Title:Director of Information Security ,Company Website: www.pricelinegroup.com ,Reason:Company websites donesn't exists in Company DB
First Name:Matthew ,Title:Director - Information Technology Security ,Company Website: www.pricelinegroup.com ,Reason:Company websites donesn't exists in Company DB
First Name:Taylor ,Title:Information Security Director ,Company Website: www.PrizeLogic.com ,Reason:Company websites donesn't exists in Company DB
First Name:Oliver ,Title:Head of Information Security ,Company Website: www.Prodege.com ,Reason:Company websites donesn't exists in Company DB
First Name:Suresh ,Title:Vice President - Technology Infrastructure Services and Information Security ,Company Website: www.Regnant.com ,Reason:Company websites donesn't exists in Company DB
First Name:Ross ,Title:Chief Information Security Officer ,Company Website: www.ReliaFund.com ,Reason:Company websites donesn't exists in Company DB
First Name:Asim ,Title:Vice President Information Technology Security and Regulatory Controls Assurance ,Company Website: www.relx.com ,Reason:Company websites donesn't exists in Company DB
First Name:Jack ,Title:Chief Information Officer/Chief Technology Officer/Chief Security Officer/Chief Information Security Officer ,Company Website: www.Resume.com ,Reason:Company websites donesn't exists in Company DB
First Name:Christopher ,Title:Global Head of Information Security ,Company Website: www.russellinvestments.com ,Reason:Company websites donesn't exists in Company DB
First Name:Denise ,Title:Associate Director Information Security ,Company Website: www.russellinvestments.com ,Reason:Company websites donesn't exists in Company DB
First Name:Bret ,Title:Director of Information Technology Infrastructure and Information Security Officer ,Company Website: www.RxAnte.com ,Reason:Company websites donesn't exists in Company DB
First Name:Steve ,Title:Chief Information Security Officer ,Company Website: www.santander.com ,Reason:Company websites donesn't exists in Company DB
First Name:Carl ,Title:Head of Information Security - Americas ,Company Website: www.Schroders.com ,Reason:Company websites donesn't exists in Company DB
First Name:Ajit ,Title:Business Head - Enterprise Information Security and Rights Management ,Company Website: www.Seclore.com ,Reason:Company websites donesn't exists in Company DB
First Name:Kelly ,Title:Director - Information Security and Cyber Risk ,Company Website: www.Service.com ,Reason:Company websites donesn't exists in Company DB
First Name:Mike ,Title:Vice President of Information Security ,Company Website: www.SGK.com ,Reason:Company websites donesn't exists in Company DB
First Name:Abdullah ,Title:Director - Security - Information Technology Risk and Compliance ,Company Website: www.SharkNinja.com ,Reason:Company websites donesn't exists in Company DB
First Name:Rick ,Title:Chief Information Security Officer ,Company Website: www.SiegeSecure.com ,Reason:Company websites donesn't exists in Company DB
First Name:Patrick ,Title:Executive Vice President - Cyber and Information Security ,Company Website: www.Silverrhino.com ,Reason:Company websites donesn't exists in Company DB
First Name:Kelley ,Title:Chief Information Security Officer ,Company Website: www.SIS.com ,Reason:Company websites donesn't exists in Company DB
First Name:David ,Title:Director of Information Security ,Company Website: www.Smartsheet.com ,Reason:Company websites donesn't exists in Company DB
First Name:Rani ,Title:Director Information Security Risk ,Company Website: www.smbc.co.jp ,Reason:Company websites donesn't exists in Company DB
First Name:Subhajit ,Title:Assistant Vice President - Information Security and Business Continuity. ,Company Website: www.smbc.co.jp ,Reason:Company websites donesn't exists in Company DB
First Name:Vladimir ,Title:Head of Information Security ,Company Website: www.smbc.co.jp ,Reason:Company websites donesn't exists in Company DB
First Name:Kylie ,Title:Chief Information Security Officer ,Company Website: www.smbc.co.jp ,Reason:Company websites donesn't exists in Company DB
First Name:Judith ,Title:Director - Information Security - Risk - Doctor ,Company Website: www.SOURCECORP.com ,Reason:Company websites donesn't exists in Company DB
First Name:Naveed ,Title:Chief Technology Officer and Chief Information Security Officer ,Company Website: www.SpecialtyCare.com ,Reason:Company websites donesn't exists in Company DB
First Name:Glenn ,Title:Director - Enterprise Information Technology Security ,Company Website: www.spectraenergy.com/ ,Reason:Company websites donesn't exists in Company DB
First Name:Eric ,Title:Director Information Technology and Security ,Company Website: www.Spiracur.com ,Reason:Company websites donesn't exists in Company DB
First Name:David ,Title:Chief Executive Officer/Chief Information Security Officer/Founder ,Company Website: www.Systrends.com ,Reason:Company websites donesn't exists in Company DB
First Name:Dwayne ,Title:Chief Information Security Officer ,Company Website: www.Tanager.com ,Reason:Company websites donesn't exists in Company DB
First Name:Edward ,Title:Director - Information Technology Security ,Company Website: www.TBC.com ,Reason:Company websites donesn't exists in Company DB
First Name:Matthew ,Title:Chief Information Security Officer ,Company Website: www.Tekkis.com ,Reason:Company websites donesn't exists in Company DB
First Name:Dan ,Title:Director of Information Security ,Company Website: www.Telesystem.com ,Reason:Company websites donesn't exists in Company DB
First Name:Paresh ,Title:Chief Information Security Officer ,Company Website: www.thalesgroup.com ,Reason:Company websites donesn't exists in Company DB
First Name:Marc ,Title:Executive Vice President Secure Communications and Information Systems ,Company Website: www.thalesgroup.com ,Reason:Company websites donesn't exists in Company DB
First Name:Tom ,Title:Chief Information Security Officer ,Company Website: www.ThedaCare.com ,Reason:Company websites donesn't exists in Company DB
First Name:Virgil ,Title:Chief Information Officer/Chief Technology Officer/Chief Security Officer ,Company Website: www.theSleepless.com ,Reason:Company websites donesn't exists in Company DB
First Name:Nick ,Title:Information Technology Director - Facility Security Officer ,Company Website: www.TigerSwan.com ,Reason:Company websites donesn't exists in Company DB
First Name:Prentis ,Title:Director - Information Technology Security ,Company Website: www.timewarnercable.com ,Reason:Company websites donesn't exists in Company DB
First Name:Pim ,Title:Business Director Cyber Security and Resilience ,Company Website: www.TNO.com ,Reason:Company websites donesn't exists in Company DB
First Name:Ernesto ,Title:Chief Information Security Officer ,Company Website: www.Top-DownSolutions.com ,Reason:Company websites donesn't exists in Company DB
First Name:Gavin ,Title:Head of Information Security ,Company Website: www.Tradition.com ,Reason:Company websites donesn't exists in Company DB
First Name:Eran ,Title:Chief Technology Officer and CISO - Chief Technology Officer ,Company Website: www.Tuttnauer.com ,Reason:Company websites donesn't exists in Company DB
First Name:Michael ,Title:Chief Information Security Officer ,Company Website: www.UCLA.com ,Reason:Company websites donesn't exists in Company DB
First Name:Robert ,Title:Information Technology Director - Cec and Technical Consulting - Information Security ,Company Website: www.unl.edu ,Reason:Company websites donesn't exists in Company DB
First Name:Richard ,Title:Director - Information Technology Security - Information Technology Services ,Company Website: www.unl.edu ,Reason:Company websites donesn't exists in Company DB
First Name:Matt ,Title:Chief Information Security Officer ,Company Website: www.unl.edu ,Reason:Company websites donesn't exists in Company DB
First Name:Jari ,Title:Head of Information Technology Risk and Information Security Management ,Company Website: www.UPM-Kymmene.com ,Reason:Company websites donesn't exists in Company DB
First Name:Howard ,Title:Director of Information Technology Infrastructure and Security ,Company Website: www.us.gt.com ,Reason:Company websites donesn't exists in Company DB
First Name:Syed ,Title:Chief Information Security Officer ,Company Website: www.us.gt.com ,Reason:Company websites donesn't exists in Company DB
First Name:Clark ,Title:Vice President and Global Chief Information Security Officer ,Company Website: www.us.jll.com ,Reason:Company websites donesn't exists in Company DB
First Name:Kelvin ,Title:Director Security Vectra Information Security Pte Ltd ,Company Website: www.vectra-corp.com ,Reason:Company websites donesn't exists in Company DB
First Name:Dmitriy ,Title:Director of Client Engineering ,Company Website: www.VisiQuate.com ,Reason:Company websites donesn't exists in Company DB
First Name:Jason ,Title:Director - Information Security ,Company Website: www.voya.com ,Reason:Company websites donesn't exists in Company DB
First Name:Michael ,Title:Information Technology Security - Director ,Company Website: www.voya.com ,Reason:Company websites donesn't exists in Company DB
First Name:Tim ,Title:Information Technology - Security Director ,Company Website: www.voya.com ,Reason:Company websites donesn't exists in Company DB
First Name:Simon ,Title:Director - Information Technology Security ,Company Website: www.voya.com ,Reason:Company websites donesn't exists in Company DB
First Name:Thomas ,Title:Assistant Vice President - Information Security Officer ,Company Website: www.voya.com ,Reason:Company websites donesn't exists in Company DB
First Name:Lisa ,Title:Chief Information Security Officer ,Company Website: www.WakeGOV.com ,Reason:Company websites donesn't exists in Company DB
First Name:Dianna ,Title:Director Information Security ,Company Website: www.washingtongas.com ,Reason:Company websites donesn't exists in Company DB
First Name:Isabelle ,Title:Senior Vice President - Chief Information Security Officer ,Company Website: www.westernalliancebancorporation.com ,Reason:Company websites donesn't exists in Company DB
First Name:Gregory ,Title:Vice President Information Technology and Security Governance ,Company Website: www.westernalliancebancorporation.com ,Reason:Company websites donesn't exists in Company DB
First Name:Philip ,Title:Assistant Vice President - Information Security Risk and Governance ,Company Website: www.westernalliancebancorporation.com ,Reason:Company websites donesn't exists in Company DB
First Name:Victor ,Title:Chief Information Security Officer ,Company Website: www.westernalliancebancorporation.com ,Reason:Company websites donesn't exists in Company DB
First Name:Benjamin ,Title:Director of Information Security ,Company Website: www.WORKIVA.com ,Reason:Company websites donesn't exists in Company DB
First Name:Andy ,Title:Senior Vice President/Chief Information Security Officer and Head of Technology Infrastructure ,Company Website: www.ww.raymondjames.com ,Reason:Company websites donesn't exists in Company DB
First Name:Arno ,Title:Vice President - Information Security ,Company Website: www.wyndam.com ,Reason:Company websites donesn't exists in Company DB
First Name:Stephen ,Title:Director - Information Security Architect ,Company Website: www.wyndam.com ,Reason:Company websites donesn't exists in Company DB
First Name:Ashit ,Title:Senior Information Security Architecture and Engineering Director ,Company Website: www.wyndam.com ,Reason:Company websites donesn't exists in Company DB
First Name:Richard ,Title:Director Information Security Risk Management ,Company Website: www.wyndam.com ,Reason:Company websites donesn't exists in Company DB
First Name:Sean ,Title:Senior Director Information Security Architecture ,Company Website: www.wyndam.com ,Reason:Company websites donesn't exists in Company DB
First Name:Douglas ,Title:Vice President - Legal Privacy Lead - Privacy - Data Security and Information Technology ,Company Website: www.wyndam.com ,Reason:Company websites donesn't exists in Company DB
First Name:Sai ,Title:Director - Information Security ,Company Website: www.wyndam.com ,Reason:Company websites donesn't exists in Company DB
First Name:Joe ,Title:Senior Director - Information Security Operations ,Company Website: www.wyndam.com ,Reason:Company websites donesn't exists in Company DB
First Name:Joseph ,Title:President and Principal Consultant ,Company Website: www.WynnSecure.com ,Reason:Company websites donesn't exists in Company DB
First Name:Alterik ,Title:Assistant Director Information Technology Security Engineering and Operations ,Company Website: www.xpologistics.com ,Reason:Company websites donesn't exists in Company DB
First Name:Aries ,Title:Director of Product Development and Information Security ,Company Website: www.Zift.com ,Reason:Company websites donesn't exists in Company DB
First Name:Nikola ,Title:Director of Quality - Information Security and Testing ,Company Website: www.Comtrade.com ,Reason:Company websites donesn't exists in Company DB
First Name:Mike ,Title:Director of Information Technology and Security ,Company Website: www.Interface.com ,Reason:Company websites donesn't exists in Company DB
First Name:Sini ,Title:Chief Information Security Officer ,Company Website: www.Intrudetect.com ,Reason:Company websites donesn't exists in Company DB
First Name:George ,Title:Corporate Chief Information Security Officer ,Company Website: www.McLaren.com ,Reason:Company websites donesn't exists in Company DB
First Name:Pat ,Title:Chief Information Officer/Chief Technology Officer/Chief Security Officer ,Company Website: www.Yow.com ,Reason:Company websites donesn't exists in Company DB
First Name:Melissa ,Title:Executive Director - Infrastructure and Information Technology Security at Gallup ,Company Website: www.Gallup.com ,Reason:Company websites donesn't exists in Company DB
First Name:Carlos ,Title:Chief Information Security Officer ,Company Website: www.PMC-Sierra.com ,Reason:Company websites donesn't exists in Company DB
First Name:Rodney ,Title:Director - Information Security ,Company Website: www.NIC.com ,Reason:Company websites donesn't exists in Company DB
First Name:John ,Title:Senior Information Security Analyst ,Company Website: www.synovus.com ,Reason:Company websites donesn't exists in Company DB
First Name:Aimee ,Title:Director - Information Security Risk and Controls Governance ,Company Website: www.synovus.com ,Reason:Company websites donesn't exists in Company DB
First Name:Paul ,Title:Senior Director of Information Security ,Company Website: www.synovus.com ,Reason:Company websites donesn't exists in Company DB
First Name:Shane ,Title:Director of Information Security and Soc and Threat Intel/Information Security Architect ,Company Website: www.synovus.com ,Reason:Company websites donesn't exists in Company DB
First Name:Kevin ,Title:Chief Information Security Officer ,Company Website: www.synovus.com ,Reason:Company websites donesn't exists in Company DB
First Name:Lee ,Title:Senior Director - Information Security ,Company Website: www.synovus.com ,Reason:Company websites donesn't exists in Company DB
